"module name","license","repository"
"@babel/code-frame@7.8.3","MIT","https://github.com/babel/babel/tree/master/packages/babel-code-frame"
"@babel/helper-validator-identifier@7.9.5","MIT","https://github.com/babel/babel/tree/master/packages/babel-helper-validator-identifier"
"@babel/highlight@7.9.0","MIT","https://github.com/babel/babel/tree/master/packages/babel-highlight"
"@babel/runtime@7.12.5","MIT","https://github.com/babel/babel"
"@babel/runtime@7.9.6","MIT","https://github.com/babel/babel"
"@hapi/address@2.1.4","BSD-3-Clause","https://github.com/hapijs/address"
"@hapi/bourne@1.3.2","BSD-3-Clause","https://github.com/hapijs/bourne"
"@hapi/hoek@8.5.1","BSD-3-Clause","https://github.com/hapijs/hoek"
"@hapi/joi@15.1.1","BSD-3-Clause","https://github.com/hapijs/joi"
"@hapi/topo@3.1.6","BSD-3-Clause","https://github.com/hapijs/topo"
"@jest/types@24.9.0","MIT","https://github.com/facebook/jest"
"@nodelib/fs.scandir@2.1.3","MIT","https://github.com/nodelib/nodelib/tree/master/packages/fs/fs.scandir"
"@nodelib/fs.stat@2.0.3","MIT","https://github.com/nodelib/nodelib/tree/master/packages/fs/fs.stat"
"@nodelib/fs.walk@1.2.4","MIT","https://github.com/nodelib/nodelib/tree/master/packages/fs/fs.walk"
"@samverschueren/stream-to-observable@0.3.0","MIT","https://github.com/SamVerschueren/stream-to-observable"
"@types/color-name@1.1.1","MIT","https://github.com/DefinitelyTyped/DefinitelyTyped"
"@types/eslint-visitor-keys@1.0.0","MIT","https://github.com/DefinitelyTyped/DefinitelyTyped"
"@types/events@3.0.0","MIT","https://github.com/DefinitelyTyped/DefinitelyTyped"
"@types/glob@7.1.1","MIT","https://github.com/DefinitelyTyped/DefinitelyTyped"
"@types/history@4.7.6","MIT","https://github.com/DefinitelyTyped/DefinitelyTyped"
"@types/istanbul-lib-coverage@2.0.3","MIT","https://github.com/DefinitelyTyped/DefinitelyTyped"
"@types/istanbul-lib-report@3.0.0","MIT","https://github.com/DefinitelyTyped/DefinitelyTyped"
"@types/istanbul-reports@1.1.2","MIT","https://github.com/DefinitelyTyped/DefinitelyTyped"
"@types/jest@24.0.23","MIT","https://github.com/DefinitelyTyped/DefinitelyTyped"
"@types/json-schema@7.0.4","MIT","https://github.com/DefinitelyTyped/DefinitelyTyped"
"@types/json-schema@7.0.7","MIT","https://github.com/DefinitelyTyped/DefinitelyTyped"
"@types/minimatch@3.0.3","MIT","https://github.com/DefinitelyTyped/DefinitelyTyped"
"@types/node@12.12.17","MIT","https://github.com/DefinitelyTyped/DefinitelyTyped"
"@types/prop-types@15.7.3","MIT","https://github.com/DefinitelyTyped/DefinitelyTyped"
"@types/q@1.5.4","MIT","https://github.com/DefinitelyTyped/DefinitelyTyped"
"@types/react-dom@16.9.4","MIT","https://github.com/DefinitelyTyped/DefinitelyTyped"
"@types/react-router-dom@5.1.3","MIT","https://github.com/DefinitelyTyped/DefinitelyTyped"
"@types/react-router@5.1.7","MIT","https://github.com/DefinitelyTyped/DefinitelyTyped"
"@types/react@16.9.35","MIT","https://github.com/DefinitelyTyped/DefinitelyTyped"
"@types/uuid@8.3.0","MIT","https://github.com/DefinitelyTyped/DefinitelyTyped"
"@types/webpack-env@1.14.1","MIT","https://github.com/DefinitelyTyped/DefinitelyTyped"
"@types/yargs-parser@15.0.0","MIT","https://github.com/DefinitelyTyped/DefinitelyTyped"
"@types/yargs@13.0.11","MIT","https://github.com/DefinitelyTyped/DefinitelyTyped"
"@typescript-eslint/eslint-plugin@2.11.0","MIT","https://github.com/typescript-eslint/typescript-eslint"
"@typescript-eslint/experimental-utils@2.11.0","MIT","https://github.com/typescript-eslint/typescript-eslint"
"@typescript-eslint/parser@2.11.0","BSD-2-Clause","https://github.com/typescript-eslint/typescript-eslint"
"@typescript-eslint/typescript-estree@2.11.0","BSD-2-Clause","https://github.com/typescript-eslint/typescript-eslint"
"@webassemblyjs/ast@1.8.5","MIT","https://github.com/xtuc/webassemblyjs"
"@webassemblyjs/floating-point-hex-parser@1.8.5","MIT","https://github.com/xtuc/webassemblyjs"
"@webassemblyjs/helper-api-error@1.8.5","MIT",""
"@webassemblyjs/helper-buffer@1.8.5","MIT","https://github.com/xtuc/webassemblyjs"
"@webassemblyjs/helper-code-frame@1.8.5","MIT","https://github.com/xtuc/webassemblyjs"
"@webassemblyjs/helper-fsm@1.8.5","ISC",""
"@webassemblyjs/helper-module-context@1.8.5","MIT","https://github.com/xtuc/webassemblyjs"
"@webassemblyjs/helper-wasm-bytecode@1.8.5","MIT","https://github.com/xtuc/webassemblyjs"
"@webassemblyjs/helper-wasm-section@1.8.5","MIT","https://github.com/xtuc/webassemblyjs"
"@webassemblyjs/ieee754@1.8.5","MIT",""
"@webassemblyjs/leb128@1.8.5","MIT",""
"@webassemblyjs/utf8@1.8.5","MIT","https://github.com/xtuc/webassemblyjs"
"@webassemblyjs/wasm-edit@1.8.5","MIT","https://github.com/xtuc/webassemblyjs"
"@webassemblyjs/wasm-gen@1.8.5","MIT","https://github.com/xtuc/webassemblyjs"
"@webassemblyjs/wasm-opt@1.8.5","MIT","https://github.com/xtuc/webassemblyjs"
"@webassemblyjs/wasm-parser@1.8.5","MIT","https://github.com/xtuc/webassemblyjs"
"@webassemblyjs/wast-parser@1.8.5","MIT","https://github.com/xtuc/webassemblyjs"
"@webassemblyjs/wast-printer@1.8.5","MIT","https://github.com/xtuc/webassemblyjs"
"@xtuc/ieee754@1.2.0","BSD-3-Clause","https://github.com/feross/ieee754"
"@xtuc/long@4.2.2","Apache-2.0","https://github.com/dcodeIO/long.js"
"abbrev@1.0.9","ISC","https://github.com/isaacs/abbrev-js"
"accepts@1.3.7","MIT","https://github.com/jshttp/accepts"
"acorn-jsx@5.2.0","MIT","https://github.com/acornjs/acorn-jsx"
"acorn-walk@7.2.0","MIT","https://github.com/acornjs/acorn"
"acorn@5.7.4","MIT","https://github.com/acornjs/acorn"
"acorn@6.4.1","MIT","https://github.com/acornjs/acorn"
"acorn@7.2.0","MIT","https://github.com/acornjs/acorn"
"adm-zip@0.4.14","MIT","https://github.com/cthackers/adm-zip"
"after@0.8.2","MIT","https://github.com/Raynos/after"
"aggregate-error@3.0.1","MIT","https://github.com/sindresorhus/aggregate-error"
"airbnb-prop-types@2.15.0","MIT","https://github.com/airbnb/prop-types"
"ajv-errors@1.0.1","MIT","https://github.com/epoberezkin/ajv-errors"
"ajv-keywords@3.4.1","MIT","https://github.com/epoberezkin/ajv-keywords"
"ajv-keywords@3.5.2","MIT","https://github.com/epoberezkin/ajv-keywords"
"ajv@6.12.2","MIT","https://github.com/epoberezkin/ajv"
"ajv@6.12.6","MIT","https://github.com/ajv-validator/ajv"
"alphanum-sort@1.0.2","MIT","https://github.com/TrySound/alphanum-sort"
"amdefine@1.0.1","BSD-3-Clause OR MIT","https://github.com/jrburke/amdefine"
"ansi-colors@3.2.4","MIT","https://github.com/doowb/ansi-colors"
"ansi-escapes@3.2.0","MIT","https://github.com/sindresorhus/ansi-escapes"
"ansi-escapes@4.3.1","MIT","https://github.com/sindresorhus/ansi-escapes"
"ansi-html@0.0.7","Apache-2.0","https://github.com/Tjatse/ansi-html"
"ansi-regex@2.1.1","MIT","https://github.com/chalk/ansi-regex"
"ansi-regex@3.0.0","MIT","https://github.com/chalk/ansi-regex"
"ansi-regex@4.1.0","MIT","https://github.com/chalk/ansi-regex"
"ansi-regex@5.0.0","MIT","https://github.com/chalk/ansi-regex"
"ansi-styles@2.2.1","MIT","https://github.com/chalk/ansi-styles"
"ansi-styles@3.2.1","MIT","https://github.com/chalk/ansi-styles"
"ansi-styles@4.2.1","MIT","https://github.com/chalk/ansi-styles"
"any-observable@0.3.0","MIT","https://github.com/sindresorhus/any-observable"
"anymatch@2.0.0","ISC","https://github.com/micromatch/anymatch"
"anymatch@3.1.1","ISC","https://github.com/micromatch/anymatch"
"aproba@1.2.0","ISC","https://github.com/iarna/aproba"
"arg@4.1.3","MIT","https://github.com/zeit/arg"
"argparse@1.0.10","MIT","https://github.com/nodeca/argparse"
"arr-diff@4.0.0","MIT","https://github.com/jonschlinkert/arr-diff"
"arr-flatten@1.1.0","MIT","https://github.com/jonschlinkert/arr-flatten"
"arr-union@3.1.0","MIT","https://github.com/jonschlinkert/arr-union"
"array-filter@1.0.0","MIT","https://github.com/juliangruber/array-filter"
"array-flatten@1.1.1","MIT","https://github.com/blakeembrey/array-flatten"
"array-flatten@2.1.2","MIT","https://github.com/blakeembrey/array-flatten"
"array-includes@3.1.1","MIT","https://github.com/es-shims/array-includes"
"array-union@1.0.2","MIT","https://github.com/sindresorhus/array-union"
"array-union@2.1.0","MIT","https://github.com/sindresorhus/array-union"
"array-uniq@1.0.3","MIT","https://github.com/sindresorhus/array-uniq"
"array-unique@0.3.2","MIT","https://github.com/jonschlinkert/array-unique"
"array.prototype.find@2.1.1","MIT","https://github.com/paulmillr/Array.prototype.find"
"array.prototype.flat@1.2.3","MIT","https://github.com/es-shims/Array.prototype.flat"
"arraybuffer.slice@0.0.7","MIT","https://github.com/rase-/arraybuffer.slice"
"arrify@1.0.1","MIT","https://github.com/sindresorhus/arrify"
"asap@2.0.6","MIT","https://github.com/kriskowal/asap"
"asn1.js@4.10.1","MIT","https://github.com/indutny/asn1.js"
"asn1@0.2.4","MIT","https://github.com/joyent/node-asn1"
"assert-plus@1.0.0","MIT","https://github.com/mcavage/node-assert-plus"
"assert@1.5.0","MIT","https://github.com/browserify/commonjs-assert"
"assign-symbols@1.0.0","MIT","https://github.com/jonschlinkert/assign-symbols"
"ast-types@0.9.6","MIT","https://github.com/benjamn/ast-types"
"astral-regex@1.0.0","MIT","https://github.com/kevva/astral-regex"
"async-each-series@0.1.1","MIT","https://github.com/jb55/async-each-series"
"async-each@1.0.3","MIT","https://github.com/paulmillr/async-each"
"async-limiter@1.0.1","MIT","https://github.com/strml/async-limiter"
"async@1.5.2","MIT","https://github.com/caolan/async"
"async@2.6.3","MIT","https://github.com/caolan/async"
"asynckit@0.4.0","MIT","https://github.com/alexindigo/asynckit"
"atob@2.1.2","(MIT OR Apache-2.0)","git://git.coolaj86.com/coolaj86/atob.js"
"autoprefixer@9.7.3","MIT","https://github.com/postcss/autoprefixer"
"aws-sign2@0.7.0","Apache-2.0","https://github.com/mikeal/aws-sign"
"aws4@1.9.1","MIT","https://github.com/mhart/aws4"
"axios@0.19.0","MIT","https://github.com/axios/axios"
"babel-code-frame@6.26.0","MIT","https://github.com/babel/babel/tree/master/packages/babel-code-frame"
"babel-extract-comments@1.0.0","MIT","https://github.com/jonschlinkert/babel-extract-comments"
"babel-plugin-syntax-object-rest-spread@6.13.0","MIT","https://github.com/babel/babel/tree/master/packages/babel-plugin-syntax-object-rest-spread"
"babel-plugin-transform-object-rest-spread@6.26.0","MIT","https://github.com/babel/babel/tree/master/packages/babel-plugin-transform-object-rest-spread"
"babel-runtime@6.26.0","MIT","https://github.com/babel/babel/tree/master/packages/babel-runtime"
"babylon@6.18.0","MIT","https://github.com/babel/babylon"
"backo2@1.0.2","MIT","https://github.com/mokesmokes/backo"
"balanced-match@1.0.0","MIT","https://github.com/juliangruber/balanced-match"
"base-href-webpack-plugin@2.0.0","MIT","https://github.com/dzonatan/base-href-webpack-plugin"
"base62@1.2.8","MIT","https://github.com/andrew/base62.js"
"base64-arraybuffer@0.1.5","MIT","https://github.com/niklasvh/base64-arraybuffer"
"base64-js@1.3.1","MIT","https://github.com/beatgammit/base64-js"
"base64id@1.0.0","MIT","https://github.com/faeldt/base64id"
"base@0.11.2","MIT","https://github.com/node-base/base"
"batch@0.6.1","MIT","https://github.com/visionmedia/batch"
"bcrypt-pbkdf@1.0.2","BSD-3-Clause","https://github.com/joyent/node-bcrypt-pbkdf"
"better-assert@1.0.2","MIT*","https://github.com/visionmedia/better-assert"
"bfj@6.1.2","MIT","git+https://gitlab.com/philbooth/bfj"
"big.js@3.2.0","MIT","https://github.com/MikeMcl/big.js"
"big.js@5.2.2","MIT","https://github.com/MikeMcl/big.js"
"binary-extensions@1.13.1","MIT","https://github.com/sindresorhus/binary-extensions"
"binary-extensions@2.0.0","MIT","https://github.com/sindresorhus/binary-extensions"
"blob@0.0.5","MIT","https://github.com/webmodules/blob"
"bluebird@3.7.2","MIT","https://github.com/petkaantonov/bluebird"
"bn.js@4.11.9","MIT","https://github.com/indutny/bn.js"
"bn.js@5.1.2","MIT","https://github.com/indutny/bn.js"
"body-parser@1.19.0","MIT","https://github.com/expressjs/body-parser"
"bonjour@3.5.0","MIT","https://github.com/watson/bonjour"
"boolbase@1.0.0","ISC","https://github.com/fb55/boolbase"
"botsan-widget@1.3.1","UNLICENSED",""
"brace-expansion@1.1.11","MIT","https://github.com/juliangruber/brace-expansion"
"braces@2.3.2","MIT","https://github.com/micromatch/braces"
"braces@3.0.2","MIT","https://github.com/micromatch/braces"
"brorand@1.1.0","MIT","https://github.com/indutny/brorand"
"browser-sync-client@2.26.6","ISC","https://github.com/shakyshane/browser-sync-client"
"browser-sync-ui@2.26.4","Apache-2.0","https://github.com/BrowserSync/UI"
"browser-sync-webpack-plugin@2.2.2","MIT","https://github.com/Va1/browser-sync-webpack-plugin"
"browser-sync@2.26.7","Apache-2.0","https://github.com/BrowserSync/browser-sync"
"browserify-aes@1.2.0","MIT","https://github.com/crypto-browserify/browserify-aes"
"browserify-cipher@1.0.1","MIT","https://github.com/crypto-browserify/browserify-cipher"
"browserify-des@1.0.2","MIT","https://github.com/crypto-browserify/browserify-des"
"browserify-rsa@4.0.1","MIT","https://github.com/crypto-browserify/browserify-rsa"
"browserify-sign@4.2.0","ISC","https://github.com/crypto-browserify/browserify-sign"
"browserify-zlib@0.2.0","MIT","https://github.com/devongovett/browserify-zlib"
"browserslist@4.12.0","MIT","https://github.com/browserslist/browserslist"
"bs-logger@0.2.6","MIT","https://github.com/huafu/bs-logger"
"bs-recipes@1.3.4","ISC","https://github.com/BrowserSync/recipes"
"bs-snippet-injector@2.0.1","MIT","https://github.com/shakyShane/bs-snippet-injector"
"buffer-from@1.1.1","MIT","https://github.com/LinusU/buffer-from"
"buffer-indexof@1.1.1","MIT","https://github.com/soldair/node-buffer-indexof"
"buffer-json@2.0.0","MIT","https://github.com/jprichardson/buffer-json"
"buffer-xor@1.0.3","MIT","https://github.com/crypto-browserify/buffer-xor"
"buffer@4.9.1","MIT","https://github.com/feross/buffer"
"builtin-status-codes@3.0.0","MIT","https://github.com/bendrucker/builtin-status-codes"
"bytes@3.0.0","MIT","https://github.com/visionmedia/bytes.js"
"bytes@3.1.0","MIT","https://github.com/visionmedia/bytes.js"
"cacache@12.0.4","ISC","https://github.com/npm/cacache"
"cacache@13.0.1","ISC","https://github.com/npm/cacache"
"cache-base@1.0.1","MIT","https://github.com/jonschlinkert/cache-base"
"cache-loader@4.1.0","MIT","https://github.com/webpack-contrib/cache-loader"
"caller-callsite@2.0.0","MIT","https://github.com/sindresorhus/caller-callsite"
"caller-path@2.0.0","MIT","https://github.com/sindresorhus/caller-path"
"callsite@1.0.0","MIT*",""
"callsites@2.0.0","MIT","https://github.com/sindresorhus/callsites"
"callsites@3.1.0","MIT","https://github.com/sindresorhus/callsites"
"camel-case@3.0.0","MIT","https://github.com/blakeembrey/camel-case"
"camelcase@3.0.0","MIT","https://github.com/sindresorhus/camelcase"
"camelcase@4.1.0","MIT","https://github.com/sindresorhus/camelcase"
"camelcase@5.3.1","MIT","https://github.com/sindresorhus/camelcase"
"caniuse-api@3.0.0","MIT","https://github.com/nyalab/caniuse-api"
"caniuse-lite@1.0.30001062","CC-BY-4.0","https://github.com/ben-eb/caniuse-lite"
"caseless@0.12.0","Apache-2.0","https://github.com/mikeal/caseless"
"chalk@1.1.3","MIT","https://github.com/chalk/chalk"
"chalk@2.3.2","MIT","https://github.com/chalk/chalk"
"chalk@2.4.2","MIT","https://github.com/chalk/chalk"
"chalk@3.0.0","MIT","https://github.com/chalk/chalk"
"chardet@0.7.0","MIT","https://github.com/runk/node-chardet"
"check-types@8.0.3","MIT","git+https://gitlab.com/philbooth/check-types.js"
"cheerio@1.0.0-rc.3","MIT","https://github.com/cheeriojs/cheerio"
"chokidar@2.1.8","MIT","https://github.com/paulmillr/chokidar"
"chokidar@3.4.0","MIT","https://github.com/paulmillr/chokidar"
"chownr@1.1.4","ISC","https://github.com/isaacs/chownr"
"chrome-trace-event@1.0.2","MIT","github.com:samccone/chrome-trace-event"
"cipher-base@1.0.4","MIT","https://github.com/crypto-browserify/cipher-base"
"class-utils@0.3.6","MIT","https://github.com/jonschlinkert/class-utils"
"classnames@2.2.6","MIT","https://github.com/JedWatson/classnames"
"clean-css@4.2.3","MIT","https://github.com/jakubpawlowicz/clean-css"
"clean-stack@2.2.0","MIT","https://github.com/sindresorhus/clean-stack"
"cli-cursor@2.1.0","MIT","https://github.com/sindresorhus/cli-cursor"
"cli-cursor@3.1.0","MIT","https://github.com/sindresorhus/cli-cursor"
"cli-truncate@0.2.1","MIT","https://github.com/sindresorhus/cli-truncate"
"cli-width@2.2.1","ISC","https://github.com/knownasilya/cli-width"
"cliui@3.2.0","ISC","https://github.com/yargs/cliui"
"cliui@4.1.0","ISC","https://github.com/yargs/cliui"
"cliui@5.0.0","ISC","https://github.com/yargs/cliui"
"clone-deep@4.0.1","MIT","https://github.com/jonschlinkert/clone-deep"
"coa@2.0.2","MIT","https://github.com/veged/coa"
"code-point-at@1.1.0","MIT","https://github.com/sindresorhus/code-point-at"
"collection-visit@1.0.0","MIT","https://github.com/jonschlinkert/collection-visit"
"color-convert@1.9.3","MIT","https://github.com/Qix-/color-convert"
"color-convert@2.0.1","MIT","https://github.com/Qix-/color-convert"
"color-name@1.1.3","MIT","https://github.com/dfcreative/color-name"
"color-name@1.1.4","MIT","https://github.com/colorjs/color-name"
"color-string@1.5.3","MIT","https://github.com/Qix-/color-string"
"color@3.0.0","MIT","https://github.com/Qix-/color"
"combined-stream@1.0.8","MIT","https://github.com/felixge/node-combined-stream"
"commander@2.17.1","MIT","https://github.com/tj/commander.js"
"commander@2.19.0","MIT","https://github.com/tj/commander.js"
"commander@2.20.3","MIT","https://github.com/tj/commander.js"
"common-tags@1.8.0","MIT","https://github.com/declandewet/common-tags"
"commondir@1.0.1","MIT","https://github.com/substack/node-commondir"
"commoner@0.10.8","MIT","https://github.com/benjamn/commoner"
"component-bind@1.0.0","MIT*","https://github.com/component/bind"
"component-emitter@1.2.1","MIT","https://github.com/component/emitter"
"component-emitter@1.3.0","MIT","https://github.com/component/emitter"
"component-inherit@0.0.3","MIT*","https://github.com/component/inherit"
"compressible@2.0.18","MIT","https://github.com/jshttp/compressible"
"compression@1.7.4","MIT","https://github.com/expressjs/compression"
"concat-map@0.0.1","MIT","https://github.com/substack/node-concat-map"
"concat-stream@1.6.2","MIT","https://github.com/maxogden/concat-stream"
"connect-history-api-fallback@1.6.0","MIT","https://github.com/bripkens/connect-history-api-fallback"
"connect@3.6.6","MIT","https://github.com/senchalabs/connect"
"console-browserify@1.2.0","MIT","https://github.com/browserify/console-browserify"
"constants-browserify@1.0.0","MIT","https://github.com/juliangruber/constants-browserify"
"content-disposition@0.5.3","MIT","https://github.com/jshttp/content-disposition"
"content-type@1.0.4","MIT","https://github.com/jshttp/content-type"
"cookie-signature@1.0.6","MIT","https://github.com/visionmedia/node-cookie-signature"
"cookie@0.3.1","MIT","https://github.com/jshttp/cookie"
"cookie@0.4.0","MIT","https://github.com/jshttp/cookie"
"copy-concurrently@1.0.5","ISC","https://github.com/npm/copy-concurrently"
"copy-descriptor@0.1.1","MIT","https://github.com/jonschlinkert/copy-descriptor"
"copy-webpack-plugin@5.1.0","MIT","https://github.com/webpack-contrib/copy-webpack-plugin"
"core-js@1.2.7","MIT","https://github.com/zloirock/core-js"
"core-js@2.6.11","MIT","https://github.com/zloirock/core-js"
"core-util-is@1.0.2","MIT","https://github.com/isaacs/core-util-is"
"cosmiconfig@5.2.1","MIT","https://github.com/davidtheclark/cosmiconfig"
"create-ecdh@4.0.3","MIT","https://github.com/crypto-browserify/createECDH"
"create-hash@1.2.0","MIT","https://github.com/crypto-browserify/createHash"
"create-hmac@1.1.7","MIT","https://github.com/crypto-browserify/createHmac"
"cross-env@6.0.3","MIT","https://github.com/kentcdodds/cross-env"
"cross-spawn@6.0.5","MIT","https://github.com/moxystudio/node-cross-spawn"
"cross-spawn@7.0.2","MIT","https://github.com/moxystudio/node-cross-spawn"
"crypto-browserify@3.12.0","MIT","https://github.com/crypto-browserify/crypto-browserify"
"css-color-names@0.0.4","MIT","https://github.com/bahamas10/css-color-names"
"css-declaration-sorter@4.0.1","MIT","https://github.com/Siilwyn/css-declaration-sorter"
"css-loader@3.6.0","MIT","https://github.com/webpack-contrib/css-loader"
"css-select-base-adapter@0.1.1","MIT","https://github.com/nrkn/css-select-base-adapter"
"css-select@1.2.0","BSD*","https://github.com/fb55/css-select"
"css-select@2.1.0","BSD-2-Clause","https://github.com/fb55/css-select"
"css-tree@1.0.0-alpha.37","MIT","https://github.com/csstree/csstree"
"css-tree@1.0.0-alpha.39","MIT","https://github.com/csstree/csstree"
"css-what@2.1.3","BSD-2-Clause","https://github.com/fb55/css-what"
"css-what@3.2.1","BSD-2-Clause","https://github.com/fb55/css-what"
"cssesc@3.0.0","MIT","https://github.com/mathiasbynens/cssesc"
"cssnano-preset-default@4.0.7","MIT","https://github.com/cssnano/cssnano"
"cssnano-util-get-arguments@4.0.0","MIT","https://github.com/cssnano/cssnano"
"cssnano-util-get-match@4.0.0","MIT","https://github.com/cssnano/cssnano"
"cssnano-util-raw-cache@4.0.1","MIT","https://github.com/cssnano/cssnano"
"cssnano-util-same-parent@4.0.1","MIT","https://github.com/cssnano/cssnano"
"cssnano@4.1.10","MIT","https://github.com/cssnano/cssnano"
"csso@4.0.3","MIT","https://github.com/css/csso"
"csstype@2.6.13","MIT","https://github.com/frenic/csstype"
"cyclist@1.0.1","MIT","https://github.com/mafintosh/cyclist"
"d3@3.5.17","BSD-3-Clause","https://github.com/mbostock/d3"
"dashdash@1.14.1","MIT","https://github.com/trentm/node-dashdash"
"date-fns@1.30.1","MIT","https://github.com/date-fns/date-fns"
"date-fns@2.15.0","MIT","https://github.com/date-fns/date-fns"
"debug@2.6.9","MIT","https://github.com/visionmedia/debug"
"debug@3.1.0","MIT","https://github.com/visionmedia/debug"
"debug@3.2.6","MIT","https://github.com/visionmedia/debug"
"debug@4.1.1","MIT","https://github.com/visionmedia/debug"
"decamelize@1.2.0","MIT","https://github.com/sindresorhus/decamelize"
"decode-uri-component@0.2.0","MIT","https://github.com/SamVerschueren/decode-uri-component"
"dedent@0.7.0","MIT","https://github.com/dmnd/dedent"
"deep-equal@1.1.1","MIT","https://github.com/substack/node-deep-equal"
"deep-is@0.1.3","MIT","https://github.com/thlorenz/deep-is"
"default-gateway@4.2.0","BSD-2-Clause","https://github.com/silverwind/default-gateway"
"define-properties@1.1.3","MIT","https://github.com/ljharb/define-properties"
"define-property@0.2.5","MIT","https://github.com/jonschlinkert/define-property"
"define-property@1.0.0","MIT","https://github.com/jonschlinkert/define-property"
"define-property@2.0.2","MIT","https://github.com/jonschlinkert/define-property"
"defined@1.0.0","MIT","https://github.com/substack/defined"
"del@2.2.2","MIT","https://github.com/sindresorhus/del"
"del@4.1.1","MIT","https://github.com/sindresorhus/del"
"del@5.1.0","MIT","https://github.com/sindresorhus/del"
"delayed-stream@1.0.0","MIT","https://github.com/felixge/node-delayed-stream"
"depd@1.1.2","MIT","https://github.com/dougwilson/nodejs-depd"
"des.js@1.0.1","MIT","https://github.com/indutny/des.js"
"destroy@1.0.4","MIT","https://github.com/stream-utils/destroy"
"detect-file@1.0.0","MIT","https://github.com/doowb/detect-file"
"detect-node@2.0.4","ISC","https://github.com/iliakan/detect-node"
"detective@4.7.1","MIT","https://github.com/browserify/detective"
"dev-ip@1.0.1","MIT","https://github.com/shakyshane/dev-ip"
"diff-sequences@24.9.0","MIT","https://github.com/facebook/jest"
"diff@4.0.2","BSD-3-Clause","https://github.com/kpdecker/jsdiff"
"diffie-hellman@5.0.3","MIT","https://github.com/crypto-browserify/diffie-hellman"
"dir-glob@2.2.2","MIT","https://github.com/kevva/dir-glob"
"dir-glob@3.0.1","MIT","https://github.com/kevva/dir-glob"
"discontinuous-range@1.0.0","MIT","https://github.com/dtudury/discontinuous-range"
"dns-equal@1.0.0","MIT","https://github.com/watson/dns-equal"
"dns-packet@1.3.1","MIT","https://github.com/mafintosh/dns-packet"
"dns-txt@2.0.2","MIT","https://github.com/watson/dns-txt"
"doctrine@2.1.0","Apache-2.0","https://github.com/eslint/doctrine"
"doctrine@3.0.0","Apache-2.0","https://github.com/eslint/doctrine"
"dom-converter@0.2.0","MIT","https://github.com/AriaMinaei/dom-converter"
"dom-serializer@0.1.1","MIT","https://github.com/cheeriojs/dom-renderer"
"dom-serializer@0.2.2","MIT","https://github.com/cheeriojs/dom-renderer"
"domain-browser@1.2.0","MIT","https://github.com/bevry/domain-browser"
"domelementtype@1.3.1","BSD-2-Clause","https://github.com/fb55/domelementtype"
"domelementtype@2.0.1","BSD-2-Clause","https://github.com/fb55/domelementtype"
"domhandler@2.4.2","BSD-2-Clause","https://github.com/fb55/DomHandler"
"domutils@1.5.1","BSD*","https://github.com/FB55/domutils"
"domutils@1.7.0","BSD-2-Clause","https://github.com/FB55/domutils"
"dot-prop@5.2.0","MIT","https://github.com/sindresorhus/dot-prop"
"duplexer@0.1.1","MIT","https://github.com/Raynos/duplexer"
"duplexify@3.7.1","MIT","https://github.com/mafintosh/duplexify"
"easy-extender@2.3.4","Apache-2.0","https://github.com/shakyshane/easy-extender"
"eazy-logger@3.0.2","Apache 2.0","https://github.com/shakyshane/easy-logger"
"ecc-jsbn@0.1.2","MIT","https://github.com/quartzjer/ecc-jsbn"
"ee-first@1.1.1","MIT","https://github.com/jonathanong/ee-first"
"ejs@2.6.1","Apache-2.0","https://github.com/mde/ejs"
"electron-to-chromium@1.3.450","ISC","https://github.com/kilian/electron-to-chromium"
"elegant-spinner@1.0.1","MIT","https://github.com/sindresorhus/elegant-spinner"
"elliptic@6.5.2","MIT","https://github.com/indutny/elliptic"
"emoji-regex@7.0.3","MIT","https://github.com/mathiasbynens/emoji-regex"
"emoji-regex@8.0.0","MIT","https://github.com/mathiasbynens/emoji-regex"
"emojis-list@2.1.0","MIT","https://github.com/kikobeats/emojis-list"
"emojis-list@3.0.0","MIT","https://github.com/kikobeats/emojis-list"
"encodeurl@1.0.2","MIT","https://github.com/pillarjs/encodeurl"
"end-of-stream@1.4.4","MIT","https://github.com/mafintosh/end-of-stream"
"engine.io-client@3.2.1","MIT","https://github.com/socketio/engine.io-client"
"engine.io-client@3.4.2","MIT","https://github.com/socketio/engine.io-client"
"engine.io-parser@2.1.3","MIT","https://github.com/socketio/engine.io-parser"
"engine.io-parser@2.2.0","MIT","https://github.com/socketio/engine.io-parser"
"engine.io@3.2.1","MIT","https://github.com/socketio/engine.io"
"enhanced-resolve@4.1.0","MIT","https://github.com/webpack/enhanced-resolve"
"enhanced-resolve@4.1.1","MIT","https://github.com/webpack/enhanced-resolve"
"entities@1.1.2","BSD-2-Clause","https://github.com/fb55/entities"
"entities@2.0.2","BSD-2-Clause","https://github.com/fb55/entities"
"envify@3.4.1","MIT","https://github.com/hughsk/envify"
"enzyme-adapter-react-16@1.15.1","MIT","https://github.com/airbnb/enzyme"
"enzyme-adapter-utils@1.13.0","MIT","https://github.com/airbnb/enzyme"
"enzyme-shallow-equal@1.0.1","MIT","https://github.com/airbnb/enzyme"
"enzyme-to-json@3.4.3","MIT","https://github.com/adriantoine/enzyme-to-json"
"enzyme@3.10.0","MIT","https://github.com/airbnb/enzyme"
"errno@0.1.7","MIT","https://github.com/rvagg/node-errno"
"error-ex@1.3.2","MIT","https://github.com/qix-/node-error-ex"
"error-stack-parser@1.3.6","Unlicense","https://github.com/stacktracejs/error-stack-parser"
"error-stack-parser@2.0.6","MIT","https://github.com/stacktracejs/error-stack-parser"
"es-abstract@1.17.5","MIT","https://github.com/ljharb/es-abstract"
"es-to-primitive@1.2.1","MIT","https://github.com/ljharb/es-to-primitive"
"es6-promise@4.0.5","MIT","https://github.com/stefanpenner/es6-promise"
"escape-html@1.0.3","MIT","https://github.com/component/escape-html"
"escape-string-regexp@1.0.5","MIT","https://github.com/sindresorhus/escape-string-regexp"
"escodegen@1.8.1","BSD-2-Clause","https://github.com/estools/escodegen"
"eslint-config-jhipster-react@0.0.1","Apache-2.0","https://github.com/jhipster/eslint-config-jhipster"
"eslint-config-jhipster@0.0.1","Apache-2.0","https://github.com/jhipster/eslint-config-jhipster"
"eslint-config-prettier@6.7.0","MIT","https://github.com/prettier/eslint-config-prettier"
"eslint-loader@3.0.3","MIT","https://github.com/webpack-contrib/eslint-loader"
"eslint-plugin-eslint-plugin@2.2.1","MIT","https://github.com/not-an-aardvark/eslint-plugin-eslint-plugin"
"eslint-plugin-react@7.17.0","MIT","https://github.com/yannickcr/eslint-plugin-react"
"eslint-scope@4.0.3","BSD-2-Clause","https://github.com/eslint/eslint-scope"
"eslint-scope@5.0.0","BSD-2-Clause","https://github.com/eslint/eslint-scope"
"eslint-utils@1.4.3","MIT","https://github.com/mysticatea/eslint-utils"
"eslint-visitor-keys@1.1.0","Apache-2.0","https://github.com/eslint/eslint-visitor-keys"
"eslint@6.7.2","MIT","https://github.com/eslint/eslint"
"espree@6.2.1","BSD-2-Clause","https://github.com/eslint/espree"
"esprima-fb@15001.1.0-dev-harmony-fb","BSD","https://github.com/facebook/esprima"
"esprima@2.7.3","BSD-2-Clause","https://github.com/jquery/esprima"
"esprima@3.1.3","BSD-2-Clause","https://github.com/jquery/esprima"
"esprima@4.0.1","BSD-2-Clause","https://github.com/jquery/esprima"
"esquery@1.3.1","BSD-3-Clause","https://github.com/estools/esquery"
"esrecurse@4.2.1","BSD-2-Clause","https://github.com/estools/esrecurse"
"estraverse@1.9.3","BSD","https://github.com/estools/estraverse"
"estraverse@4.3.0","BSD-2-Clause","https://github.com/estools/estraverse"
"estraverse@5.1.0","BSD-2-Clause","https://github.com/estools/estraverse"
"esutils@2.0.3","BSD-2-Clause","https://github.com/estools/esutils"
"etag@1.8.1","MIT","https://github.com/jshttp/etag"
"eventemitter3@1.2.0","MIT","https://github.com/primus/eventemitter3"
"eventemitter3@4.0.4","MIT","https://github.com/primus/eventemitter3"
"events@3.1.0","MIT","https://github.com/Gozala/events"
"eventsource@1.0.7","MIT","https://github.com/EventSource/eventsource"
"evp_bytestokey@1.0.3","MIT","https://github.com/crypto-browserify/EVP_BytesToKey"
"execa@1.0.0","MIT","https://github.com/sindresorhus/execa"
"execa@2.1.0","MIT","https://github.com/sindresorhus/execa"
"expand-brackets@2.1.4","MIT","https://github.com/jonschlinkert/expand-brackets"
"expand-tilde@2.0.2","MIT","https://github.com/jonschlinkert/expand-tilde"
"express@4.17.1","MIT","https://github.com/expressjs/express"
"extend-shallow@2.0.1","MIT","https://github.com/jonschlinkert/extend-shallow"
"extend-shallow@3.0.2","MIT","https://github.com/jonschlinkert/extend-shallow"
"extend@3.0.2","MIT","https://github.com/justmoon/node-extend"
"external-editor@3.1.0","MIT","https://github.com/mrkmg/node-external-editor"
"extglob@2.0.4","MIT","https://github.com/micromatch/extglob"
"extsprintf@1.3.0","MIT","https://github.com/davepacheco/node-extsprintf"
"fast-deep-equal@3.1.1","MIT","https://github.com/epoberezkin/fast-deep-equal"
"fast-glob@3.2.2","MIT","https://github.com/mrmlnc/fast-glob"
"fast-json-stable-stringify@2.1.0","MIT","https://github.com/epoberezkin/fast-json-stable-stringify"
"fast-levenshtein@2.0.6","MIT","https://github.com/hiddentao/fast-levenshtein"
"fastq@1.8.0","ISC","https://github.com/mcollina/fastq"
"faye-websocket@0.10.0","MIT","https://github.com/faye/faye-websocket-node"
"faye-websocket@0.11.3","Apache-2.0","https://github.com/faye/faye-websocket-node"
"fbjs@0.6.1","BSD-3-Clause","https://github.com/facebook/fbjs"
"figgy-pudding@3.5.2","ISC","https://github.com/npm/figgy-pudding"
"figures@1.7.0","MIT","https://github.com/sindresorhus/figures"
"figures@2.0.0","MIT","https://github.com/sindresorhus/figures"
"figures@3.2.0","MIT","https://github.com/sindresorhus/figures"
"file-entry-cache@5.0.1","MIT","https://github.com/royriojas/file-entry-cache"
"file-loader@5.0.2","MIT","https://github.com/webpack-contrib/file-loader"
"filesize@3.6.1","BSD-3-Clause","https://github.com/avoidwork/filesize.js"
"fill-range@4.0.0","MIT","https://github.com/jonschlinkert/fill-range"
"fill-range@7.0.1","MIT","https://github.com/jonschlinkert/fill-range"
"finalhandler@1.1.0","MIT","https://github.com/pillarjs/finalhandler"
"finalhandler@1.1.2","MIT","https://github.com/pillarjs/finalhandler"
"find-cache-dir@0.1.1","MIT","https://github.com/jamestalmage/find-cache-dir"
"find-cache-dir@2.1.0","MIT","https://github.com/avajs/find-cache-dir"
"find-cache-dir@3.3.1","MIT","https://github.com/avajs/find-cache-dir"
"find-up@1.1.2","MIT","https://github.com/sindresorhus/find-up"
"find-up@2.1.0","MIT","https://github.com/sindresorhus/find-up"
"find-up@3.0.0","MIT","https://github.com/sindresorhus/find-up"
"find-up@4.1.0","MIT","https://github.com/sindresorhus/find-up"
"findup-sync@3.0.0","MIT","https://github.com/gulpjs/findup-sync"
"flat-cache@2.0.1","MIT","https://github.com/royriojas/flat-cache"
"flatted@2.0.2","ISC","https://github.com/WebReflection/flatted"
"flush-write-stream@1.1.1","MIT","https://github.com/mafintosh/flush-write-stream"
"follow-redirects@1.5.10","MIT","https://github.com/follow-redirects/follow-redirects"
"for-in@1.0.2","MIT","https://github.com/jonschlinkert/for-in"
"forever-agent@0.6.1","Apache-2.0","https://github.com/mikeal/forever-agent"
"fork-ts-checker-webpack-plugin@3.1.1","MIT","https://github.com/TypeStrong/fork-ts-checker-webpack-plugin"
"form-data@2.3.3","MIT","https://github.com/form-data/form-data"
"forwarded@0.1.2","MIT","https://github.com/jshttp/forwarded"
"fragment-cache@0.2.1","MIT","https://github.com/jonschlinkert/fragment-cache"
"fresh@0.5.2","MIT","https://github.com/jshttp/fresh"
"friendly-errors-webpack-plugin@1.7.0","MIT","https://github.com/geowarin/friendly-errors-webpack-plugin"
"from2@2.3.0","MIT","https://github.com/hughsk/from2"
"fs-extra@3.0.1","MIT","https://github.com/jprichardson/node-fs-extra"
"fs-extra@4.0.3","MIT","https://github.com/jprichardson/node-fs-extra"
"fs-extra@8.1.0","MIT","https://github.com/jprichardson/node-fs-extra"
"fs-minipass@2.1.0","ISC","https://github.com/npm/fs-minipass"
"fs-write-stream-atomic@1.0.10","ISC","https://github.com/npm/fs-write-stream-atomic"
"fs.realpath@1.0.0","ISC","https://github.com/isaacs/fs.realpath"
"function-bind@1.1.1","MIT","https://github.com/Raynos/function-bind"
"function.prototype.name@1.1.2","MIT","https://github.com/es-shims/Function.prototype.name"
"functional-red-black-tree@1.0.1","MIT","https://github.com/mikolalysenko/functional-red-black-tree"
"functions-have-names@1.2.1","MIT","https://github.com/ljharb/functions-have-names"
"get-caller-file@1.0.3","ISC","https://github.com/stefanpenner/get-caller-file"
"get-caller-file@2.0.5","ISC","https://github.com/stefanpenner/get-caller-file"
"get-own-enumerable-property-symbols@3.0.2","ISC","https://github.com/mightyiam/get-own-enumerable-property-symbols"
"get-stdin@6.0.0","MIT","https://github.com/sindresorhus/get-stdin"
"get-stream@4.1.0","MIT","https://github.com/sindresorhus/get-stream"
"get-stream@5.1.0","MIT","https://github.com/sindresorhus/get-stream"
"get-value@2.0.6","MIT","https://github.com/jonschlinkert/get-value"
"getpass@0.1.7","MIT","https://github.com/arekinath/node-getpass"
"glob-parent@3.1.0","ISC","https://github.com/es128/glob-parent"
"glob-parent@5.1.1","ISC","https://github.com/gulpjs/glob-parent"
"glob@5.0.15","ISC","https://github.com/isaacs/node-glob"
"glob@7.1.1","ISC","https://github.com/isaacs/node-glob"
"glob@7.1.6","ISC","https://github.com/isaacs/node-glob"
"global-modules@1.0.0","MIT","https://github.com/jonschlinkert/global-modules"
"global-modules@2.0.0","MIT","https://github.com/jonschlinkert/global-modules"
"global-prefix@1.0.2","MIT","https://github.com/jonschlinkert/global-prefix"
"global-prefix@3.0.0","MIT","https://github.com/jonschlinkert/global-prefix"
"globals@12.4.0","MIT","https://github.com/sindresorhus/globals"
"globby@10.0.2","MIT","https://github.com/sindresorhus/globby"
"globby@5.0.0","MIT","https://github.com/sindresorhus/globby"
"globby@6.1.0","MIT","https://github.com/sindresorhus/globby"
"globby@7.1.1","MIT","https://github.com/sindresorhus/globby"
"graceful-fs@4.2.4","ISC","https://github.com/isaacs/node-graceful-fs"
"growly@1.3.0","MIT","https://github.com/theabraham/growly"
"gzip-size@5.1.1","MIT","https://github.com/sindresorhus/gzip-size"
"handle-thing@2.0.1","MIT","https://github.com/indutny/handle-thing"
"handlebars@4.7.6","MIT","https://github.com/wycats/handlebars.js"
"har-schema@2.0.0","ISC","https://github.com/ahmadnassri/har-schema"
"har-validator@5.1.3","MIT","https://github.com/ahmadnassri/node-har-validator"
"harmony-reflect@1.6.1","(Apache-2.0 OR MPL-1.1)","git+https://tvcutsem@github.com/tvcutsem/harmony-reflect"
"has-ansi@2.0.0","MIT","https://github.com/sindresorhus/has-ansi"
"has-binary2@1.0.3","MIT",""
"has-cors@1.1.0","MIT","https://github.com/component/has-cors"
"has-flag@1.0.0","MIT","https://github.com/sindresorhus/has-flag"
"has-flag@3.0.0","MIT","https://github.com/sindresorhus/has-flag"
"has-flag@4.0.0","MIT","https://github.com/sindresorhus/has-flag"
"has-symbols@1.0.1","MIT","https://github.com/ljharb/has-symbols"
"has-value@0.3.1","MIT","https://github.com/jonschlinkert/has-value"
"has-value@1.0.0","MIT","https://github.com/jonschlinkert/has-value"
"has-values@0.1.4","MIT","https://github.com/jonschlinkert/has-values"
"has-values@1.0.0","MIT","https://github.com/jonschlinkert/has-values"
"has@1.0.3","MIT","https://github.com/tarruda/has"
"hash-base@3.1.0","MIT","https://github.com/crypto-browserify/hash-base"
"hash.js@1.1.7","MIT","https://github.com/indutny/hash.js"
"he@1.2.0","MIT","https://github.com/mathiasbynens/he"
"hex-color-regex@1.1.0","MIT","https://github.com/regexps/hex-color-regex"
"hmac-drbg@1.0.1","MIT","https://github.com/indutny/hmac-drbg"
"hoist-non-react-statics@3.3.2","BSD-3-Clause","https://github.com/mridgway/hoist-non-react-statics"
"homedir-polyfill@1.0.3","MIT","https://github.com/doowb/homedir-polyfill"
"hoopy@0.1.4","MIT","git+https://gitlab.com/philbooth/hoopy"
"hosted-git-info@2.8.8","ISC","https://github.com/npm/hosted-git-info"
"hpack.js@2.1.6","MIT","https://github.com/indutny/hpack.js"
"hsl-regex@1.0.0","MIT","https://github.com/regexps/hsl-regex"
"hsla-regex@1.0.0","MIT","https://github.com/regexps/hsla-regex"
"html-comment-regex@1.1.2","MIT","https://github.com/stevemao/html-comment-regex"
"html-element-map@1.2.0","MIT","https://github.com/ljharb/html-element-map"
"html-entities@1.3.1","MIT","https://github.com/mdevils/node-html-entities"
"html-minifier@3.5.21","MIT","https://github.com/kangax/html-minifier"
"html-webpack-plugin@3.2.0","MIT","https://github.com/jantimon/html-webpack-plugin"
"htmlparser2@3.10.1","MIT","https://github.com/fb55/htmlparser2"
"http-deceiver@1.2.7","MIT","https://github.com/indutny/http-deceiver"
"http-errors@1.6.3","MIT","https://github.com/jshttp/http-errors"
"http-errors@1.7.2","MIT","https://github.com/jshttp/http-errors"
"http-errors@1.7.3","MIT","https://github.com/jshttp/http-errors"
"http-parser-js@0.4.10","MIT","https://github.com/creationix/http-parser-js"
"http-proxy-middleware@0.19.1","MIT","https://github.com/chimurai/http-proxy-middleware"
"http-proxy@1.15.2","MIT","https://github.com/nodejitsu/node-http-proxy"
"http-proxy@1.18.1","MIT","https://github.com/http-party/node-http-proxy"
"http-signature@1.2.0","MIT","https://github.com/joyent/node-http-signature"
"https-browserify@1.0.0","MIT","https://github.com/substack/https-browserify"
"iconv-lite@0.4.24","MIT","https://github.com/ashtuchkin/iconv-lite"
"icss-utils@4.1.1","ISC","https://github.com/css-modules/icss-utils"
"identity-obj-proxy@3.0.0","MIT","https://github.com/keyanzhang/identity-obj-proxy"
"ieee754@1.1.13","BSD-3-Clause","https://github.com/feross/ieee754"
"iferr@0.1.5","MIT","https://github.com/shesek/iferr"
"ignore@3.3.10","MIT","https://github.com/kaelzhang/node-ignore"
"ignore@4.0.6","MIT","https://github.com/kaelzhang/node-ignore"
"ignore@5.1.4","MIT","https://github.com/kaelzhang/node-ignore"
"immutable@3.8.2","MIT","https://github.com/facebook/immutable-js"
"import-cwd@2.1.0","MIT","https://github.com/sindresorhus/import-cwd"
"import-fresh@2.0.0","MIT","https://github.com/sindresorhus/import-fresh"
"import-fresh@3.2.1","MIT","https://github.com/sindresorhus/import-fresh"
"import-from@2.1.0","MIT","https://github.com/sindresorhus/import-from"
"import-local@2.0.0","MIT","https://github.com/sindresorhus/import-local"
"imurmurhash@0.1.4","MIT","https://github.com/jensyt/imurmurhash-js"
"indent-string@3.2.0","MIT","https://github.com/sindresorhus/indent-string"
"indent-string@4.0.0","MIT","https://github.com/sindresorhus/indent-string"
"indexes-of@1.0.1","MIT","https://github.com/dominictarr/indexes-of"
"indexof@0.0.1","MIT*",""
"infer-owner@1.0.4","ISC","https://github.com/npm/infer-owner"
"inflight@1.0.6","ISC","https://github.com/npm/inflight"
"inherits@2.0.1","ISC","https://github.com/isaacs/inherits"
"inherits@2.0.3","ISC","https://github.com/isaacs/inherits"
"inherits@2.0.4","ISC","https://github.com/isaacs/inherits"
"ini@1.3.5","ISC","https://github.com/isaacs/ini"
"inquirer@7.1.0","MIT","https://github.com/SBoudrias/Inquirer.js"
"internal-ip@4.3.0","MIT","https://github.com/sindresorhus/internal-ip"
"interpret@1.2.0","MIT","https://github.com/gulpjs/interpret"
"invert-kv@1.0.0","MIT","https://github.com/sindresorhus/invert-kv"
"invert-kv@2.0.0","MIT","https://github.com/sindresorhus/invert-kv"
"ip-regex@2.1.0","MIT","https://github.com/sindresorhus/ip-regex"
"ip@1.1.5","MIT","https://github.com/indutny/node-ip"
"ipaddr.js@1.9.1","MIT","https://github.com/whitequark/ipaddr.js"
"is-absolute-url@2.1.0","MIT","https://github.com/sindresorhus/is-absolute-url"
"is-absolute-url@3.0.3","MIT","https://github.com/sindresorhus/is-absolute-url"
"is-accessor-descriptor@0.1.6","MIT","https://github.com/jonschlinkert/is-accessor-descriptor"
"is-accessor-descriptor@1.0.0","MIT","https://github.com/jonschlinkert/is-accessor-descriptor"
"is-arguments@1.0.4","MIT","https://github.com/ljharb/is-arguments"
"is-arrayish@0.2.1","MIT","https://github.com/qix-/node-is-arrayish"
"is-arrayish@0.3.2","MIT","https://github.com/qix-/node-is-arrayish"
"is-binary-path@1.0.1","MIT","https://github.com/sindresorhus/is-binary-path"
"is-binary-path@2.1.0","MIT","https://github.com/sindresorhus/is-binary-path"
"is-boolean-object@1.0.1","MIT","https://github.com/ljharb/is-boolean-object"
"is-buffer@1.1.6","MIT","https://github.com/feross/is-buffer"
"is-buffer@2.0.4","MIT","https://github.com/feross/is-buffer"
"is-callable@1.1.5","MIT","https://github.com/ljharb/is-callable"
"is-color-stop@1.1.0","MIT","https://github.com/pigcan/is-color-stop"
"is-data-descriptor@0.1.4","MIT","https://github.com/jonschlinkert/is-data-descriptor"
"is-data-descriptor@1.0.0","MIT","https://github.com/jonschlinkert/is-data-descriptor"
"is-date-object@1.0.2","MIT","https://github.com/ljharb/is-date-object"
"is-descriptor@0.1.6","MIT","https://github.com/jonschlinkert/is-descriptor"
"is-descriptor@1.0.2","MIT","https://github.com/jonschlinkert/is-descriptor"
"is-directory@0.3.1","MIT","https://github.com/jonschlinkert/is-directory"
"is-extendable@0.1.1","MIT","https://github.com/jonschlinkert/is-extendable"
"is-extendable@1.0.1","MIT","https://github.com/jonschlinkert/is-extendable"
"is-extglob@2.1.1","MIT","https://github.com/jonschlinkert/is-extglob"
"is-fullwidth-code-point@1.0.0","MIT","https://github.com/sindresorhus/is-fullwidth-code-point"
"is-fullwidth-code-point@2.0.0","MIT","https://github.com/sindresorhus/is-fullwidth-code-point"
"is-fullwidth-code-point@3.0.0","MIT","https://github.com/sindresorhus/is-fullwidth-code-point"
"is-glob@3.1.0","MIT","https://github.com/jonschlinkert/is-glob"
"is-glob@4.0.1","MIT","https://github.com/micromatch/is-glob"
"is-number-like@1.0.8","ISC","https://github.com/vigour-io/is-number-like"
"is-number-object@1.0.4","MIT","https://github.com/inspect-js/is-number-object"
"is-number@3.0.0","MIT","https://github.com/jonschlinkert/is-number"
"is-number@7.0.0","MIT","https://github.com/jonschlinkert/is-number"
"is-obj@1.0.1","MIT","https://github.com/sindresorhus/is-obj"
"is-obj@2.0.0","MIT","https://github.com/sindresorhus/is-obj"
"is-observable@1.1.0","MIT","https://github.com/sindresorhus/is-observable"
"is-path-cwd@1.0.0","MIT","https://github.com/sindresorhus/is-path-cwd"
"is-path-cwd@2.2.0","MIT","https://github.com/sindresorhus/is-path-cwd"
"is-path-in-cwd@1.0.1","MIT","https://github.com/sindresorhus/is-path-in-cwd"
"is-path-in-cwd@2.1.0","MIT","https://github.com/sindresorhus/is-path-in-cwd"
"is-path-inside@1.0.1","MIT","https://github.com/sindresorhus/is-path-inside"
"is-path-inside@2.1.0","MIT","https://github.com/sindresorhus/is-path-inside"
"is-path-inside@3.0.2","MIT","https://github.com/sindresorhus/is-path-inside"
"is-plain-obj@1.1.0","MIT","https://github.com/sindresorhus/is-plain-obj"
"is-plain-object@2.0.4","MIT","https://github.com/jonschlinkert/is-plain-object"
"is-promise@2.2.2","MIT","https://github.com/then/is-promise"
"is-regex@1.0.5","MIT","https://github.com/ljharb/is-regex"
"is-regexp@1.0.0","MIT","https://github.com/sindresorhus/is-regexp"
"is-resolvable@1.1.0","ISC","https://github.com/shinnn/is-resolvable"
"is-stream@1.1.0","MIT","https://github.com/sindresorhus/is-stream"
"is-stream@2.0.0","MIT","https://github.com/sindresorhus/is-stream"
"is-string@1.0.5","MIT","https://github.com/ljharb/is-string"
"is-subset@0.1.1","MIT","https://github.com/studio-b12/is-subset"
"is-svg@3.0.0","MIT","https://github.com/sindresorhus/is-svg"
"is-symbol@1.0.3","MIT","https://github.com/inspect-js/is-symbol"
"is-typedarray@1.0.0","MIT","https://github.com/hughsk/is-typedarray"
"is-utf8@0.2.1","MIT","https://github.com/wayfind/is-utf8"
"is-windows@1.0.2","MIT","https://github.com/jonschlinkert/is-windows"
"is-wsl@1.1.0","MIT","https://github.com/sindresorhus/is-wsl"
"isarray@1.0.0","MIT","https://github.com/juliangruber/isarray"
"isarray@2.0.1","MIT","https://github.com/juliangruber/isarray"
"isexe@2.0.0","ISC","https://github.com/isaacs/isexe"
"isobject@2.1.0","MIT","https://github.com/jonschlinkert/isobject"
"isobject@3.0.1","MIT","https://github.com/jonschlinkert/isobject"
"isstream@0.1.2","MIT","https://github.com/rvagg/isstream"
"istanbul@0.4.5","BSD-3-Clause","https://github.com/gotwarlost/istanbul"
"jest-diff@24.9.0","MIT","https://github.com/facebook/jest"
"jest-get-type@24.9.0","MIT","https://github.com/facebook/jest"
"jest-worker@24.9.0","MIT","https://github.com/facebook/jest"
"js-tokens@3.0.2","MIT","https://github.com/lydell/js-tokens"
"js-tokens@4.0.0","MIT","https://github.com/lydell/js-tokens"
"js-yaml@3.13.1","MIT","https://github.com/nodeca/js-yaml"
"jsbn@0.1.1","MIT","https://github.com/andyperlitch/jsbn"
"json-loader@0.5.7","MIT","https://github.com/webpack/json-loader"
"json-parse-better-errors@1.0.2","MIT","https://github.com/zkat/json-parse-better-errors"
"json-schema-traverse@0.4.1","MIT","https://github.com/epoberezkin/json-schema-traverse"
"json-schema@0.2.3","AFLv2.1,BSD","https://github.com/kriszyp/json-schema"
"json-stable-stringify-without-jsonify@1.0.1","MIT","https://github.com/samn/json-stable-stringify"
"json-stable-stringify@1.0.1","MIT","https://github.com/substack/json-stable-stringify"
"json-stringify-safe@5.0.1","ISC","https://github.com/isaacs/json-stringify-safe"
"json3@3.3.3","MIT","https://github.com/bestiejs/json3"
"json5@0.5.1","MIT","https://github.com/aseemk/json5"
"json5@1.0.1","MIT","https://github.com/json5/json5"
"json5@2.1.3","MIT","https://github.com/json5/json5"
"json5@2.2.0","MIT","https://github.com/json5/json5"
"jsonfile@3.0.1","MIT","https://github.com/jprichardson/node-jsonfile"
"jsonfile@4.0.0","MIT","https://github.com/jprichardson/node-jsonfile"
"jsonify@0.0.0","Public Domain","https://github.com/substack/jsonify"
"jsprim@1.4.1","MIT","https://github.com/joyent/node-jsprim"
"jstransform@11.0.3","BSD-3-Clause","https://github.com/facebook/jstransform"
"jsx-ast-utils@2.2.3","MIT","https://github.com/evcohen/jsx-ast-utils"
"killable@1.0.1","ISC","https://github.com/marten-de-vries/killable"
"kind-of@3.2.2","MIT","https://github.com/jonschlinkert/kind-of"
"kind-of@4.0.0","MIT","https://github.com/jonschlinkert/kind-of"
"kind-of@5.1.0","MIT","https://github.com/jonschlinkert/kind-of"
"kind-of@6.0.3","MIT","https://github.com/jonschlinkert/kind-of"
"last-call-webpack-plugin@3.0.0","MIT","https://github.com/NMFR/last-call-webpack-plugin"
"lcid@1.0.0","MIT","https://github.com/sindresorhus/lcid"
"lcid@2.0.0","MIT","https://github.com/sindresorhus/lcid"
"levn@0.3.0","MIT","https://github.com/gkz/levn"
"limiter@1.1.5","MIT","https://github.com/jhurliman/node-rate-limiter"
"linkify-it@2.2.0","MIT","https://github.com/markdown-it/linkify-it"
"lint-staged@9.5.0","MIT","https://github.com/okonet/lint-staged"
"listr-silent-renderer@1.1.1","MIT","https://github.com/SamVerschueren/listr-silent-renderer"
"listr-update-renderer@0.5.0","MIT","https://github.com/SamVerschueren/listr-update-renderer"
"listr-verbose-renderer@0.5.0","MIT","https://github.com/SamVerschueren/listr-verbose-renderer"
"listr@0.14.3","MIT","https://github.com/SamVerschueren/listr"
"load-json-file@1.1.0","MIT","https://github.com/sindresorhus/load-json-file"
"loader-fs-cache@1.0.3","MIT","https://github.com/viankakrisna/loader-fs-cache"
"loader-runner@2.4.0","MIT","https://github.com/webpack/loader-runner"
"loader-utils@0.2.17","MIT","https://github.com/webpack/loader-utils"
"loader-utils@1.2.3","MIT","https://github.com/webpack/loader-utils"
"loader-utils@1.4.0","MIT","https://github.com/webpack/loader-utils"
"loader-utils@2.0.0","MIT","https://github.com/webpack/loader-utils"
"localtunnel@1.9.2","MIT","https://github.com/localtunnel/localtunnel"
"locate-path@2.0.0","MIT","https://github.com/sindresorhus/locate-path"
"locate-path@3.0.0","MIT","https://github.com/sindresorhus/locate-path"
"locate-path@5.0.0","MIT","https://github.com/sindresorhus/locate-path"
"lodash._reinterpolate@3.0.0","MIT","https://github.com/lodash/lodash"
"lodash.difference@4.5.0","MIT","https://github.com/lodash/lodash"
"lodash.escape@4.0.1","MIT","https://github.com/lodash/lodash"
"lodash.flattendeep@4.4.0","MIT","https://github.com/lodash/lodash"
"lodash.isequal@4.5.0","MIT","https://github.com/lodash/lodash"
"lodash.isfinite@3.3.2","MIT","https://github.com/lodash/lodash"
"lodash.isplainobject@4.0.6","MIT","https://github.com/lodash/lodash"
"lodash.memoize@4.1.2","MIT","https://github.com/lodash/lodash"
"lodash.template@4.5.0","MIT","https://github.com/lodash/lodash"
"lodash.templatesettings@4.2.0","MIT","https://github.com/lodash/lodash"
"lodash.unescape@4.0.1","MIT","https://github.com/lodash/lodash"
"lodash.uniq@4.5.0","MIT","https://github.com/lodash/lodash"
"lodash@4.17.15","MIT","https://github.com/lodash/lodash"
"log-symbols@1.0.2","MIT","https://github.com/sindresorhus/log-symbols"
"log-symbols@3.0.0","MIT","https://github.com/sindresorhus/log-symbols"
"log-update@2.3.0","MIT","https://github.com/sindresorhus/log-update"
"loglevel@1.6.8","MIT","https://github.com/pimterry/loglevel"
"loose-envify@1.4.0","MIT","https://github.com/zertosh/loose-envify"
"lower-case@1.1.4","MIT","https://github.com/blakeembrey/lower-case"
"lru-cache@5.1.1","ISC","https://github.com/isaacs/node-lru-cache"
"make-dir@2.1.0","MIT","https://github.com/sindresorhus/make-dir"
"make-dir@3.1.0","MIT","https://github.com/sindresorhus/make-dir"
"make-error@1.3.6","ISC","https://github.com/JsCommunity/make-error"
"mamacro@0.0.3","MIT",""
"map-age-cleaner@0.1.3","MIT","https://github.com/SamVerschueren/map-age-cleaner"
"map-cache@0.2.2","MIT","https://github.com/jonschlinkert/map-cache"
"map-visit@1.0.0","MIT","https://github.com/jonschlinkert/map-visit"
"markdown-it-link-attributes@2.1.0","MIT","https://github.com/crookedneighbor/markdown-it-link-attributes"
"markdown-it-sanitizer@0.4.3","MIT","https://github.com/svbergerem/markdown-it-sanitizer"
"markdown-it-sup@1.0.0","MIT","https://github.com/markdown-it/markdown-it-sup"
"markdown-it@8.4.2","MIT","https://github.com/markdown-it/markdown-it"
"md5.js@1.3.5","MIT","https://github.com/crypto-browserify/md5.js"
"mdn-data@2.0.4","CC0-1.0","https://github.com/mdn/data"
"mdn-data@2.0.6","CC0-1.0","https://github.com/mdn/data"
"mdurl@1.0.1","MIT","https://github.com/markdown-it/mdurl"
"media-typer@0.3.0","MIT","https://github.com/jshttp/media-typer"
"mem@4.3.0","MIT","https://github.com/sindresorhus/mem"
"memory-fs@0.4.1","MIT","https://github.com/webpack/memory-fs"
"memory-fs@0.5.0","MIT","https://github.com/webpack/memory-fs"
"merge-descriptors@1.0.1","MIT","https://github.com/component/merge-descriptors"
"merge-jsons-webpack-plugin@1.0.20","MIT","https://github.com/tettusud/merge-jsons-webpack-plugin"
"merge-stream@2.0.0","MIT","https://github.com/grncdr/merge-stream"
"merge2@1.3.0","MIT","https://github.com/teambition/merge2"
"methods@1.1.2","MIT","https://github.com/jshttp/methods"
"microevent.ts@0.1.1","MIT","https://github.com/DirtyHairy/microevent"
"micromatch@3.1.10","MIT","https://github.com/micromatch/micromatch"
"micromatch@4.0.2","MIT","https://github.com/micromatch/micromatch"
"miller-rabin@4.0.1","MIT","https://github.com/indutny/miller-rabin"
"mime-db@1.44.0","MIT","https://github.com/jshttp/mime-db"
"mime-types@2.1.27","MIT","https://github.com/jshttp/mime-types"
"mime@1.4.1","MIT","https://github.com/broofa/node-mime"
"mime@1.6.0","MIT","https://github.com/broofa/node-mime"
"mime@2.4.5","MIT","https://github.com/broofa/node-mime"
"mimic-fn@1.2.0","MIT","https://github.com/sindresorhus/mimic-fn"
"mimic-fn@2.1.0","MIT","https://github.com/sindresorhus/mimic-fn"
"mini-css-extract-plugin@0.8.0","MIT","https://github.com/webpack-contrib/mini-css-extract-plugin"
"minimalistic-assert@1.0.1","ISC","https://github.com/calvinmetcalf/minimalistic-assert"
"minimalistic-crypto-utils@1.0.1","MIT","https://github.com/indutny/minimalistic-crypto-utils"
"minimatch@3.0.4","ISC","https://github.com/isaacs/minimatch"
"minimist@1.2.5","MIT","https://github.com/substack/minimist"
"minipass-collect@1.0.2","ISC",""
"minipass-flush@1.0.5","ISC","https://github.com/isaacs/minipass-flush"
"minipass-pipeline@1.2.3","ISC",""
"minipass@3.1.3","ISC","https://github.com/isaacs/minipass"
"mississippi@3.0.0","BSD-2-Clause","https://github.com/maxogden/mississippi"
"mitt@1.2.0","MIT","https://github.com/developit/mitt"
"mixin-deep@1.3.2","MIT","https://github.com/jonschlinkert/mixin-deep"
"mkdirp@0.5.5","MIT","https://github.com/substack/node-mkdirp"
"moment-locales-webpack-plugin@1.1.2","MIT","https://github.com/iamakulov/moment-locales-webpack-plugin"
"moment@2.24.0","MIT","https://github.com/moment/moment"
"moo@0.5.1","BSD-3-Clause","https://github.com/tjvr/moo"
"move-concurrently@1.0.1","ISC","https://github.com/npm/move-concurrently"
"ms@2.0.0","MIT","https://github.com/zeit/ms"
"ms@2.1.1","MIT","https://github.com/zeit/ms"
"ms@2.1.2","MIT","https://github.com/zeit/ms"
"multicast-dns-service-types@1.1.0","MIT","https://github.com/mafintosh/multicast-dns-service-types"
"multicast-dns@6.2.3","MIT","https://github.com/mafintosh/multicast-dns"
"mute-stream@0.0.8","ISC","https://github.com/isaacs/mute-stream"
"nanomatch@1.2.13","MIT","https://github.com/micromatch/nanomatch"
"natural-compare@1.4.0","MIT","https://github.com/litejs/natural-compare-lite"
"nearley@2.19.3","MIT","https://github.com/hardmath123/nearley"
"negotiator@0.6.2","MIT","https://github.com/jshttp/negotiator"
"neo-async@2.6.1","MIT","https://github.com/suguru03/neo-async"
"nice-try@1.0.5","MIT","https://github.com/electerious/nice-try"
"no-case@2.3.2","MIT","https://github.com/blakeembrey/no-case"
"node-forge@0.9.0","(BSD-3-Clause OR GPL-2.0)","https://github.com/digitalbazaar/forge"
"node-libs-browser@2.2.1","MIT","https://github.com/webpack/node-libs-browser"
"node-notifier@5.4.3","MIT","https://github.com/mikaelbr/node-notifier"
"node-releases@1.1.56","MIT","https://github.com/chicoxyzzy/node-releases"
"nopt@3.0.6","ISC","https://github.com/npm/nopt"
"normalize-package-data@2.5.0","BSD-2-Clause","https://github.com/npm/normalize-package-data"
"normalize-path@2.1.1","MIT","https://github.com/jonschlinkert/normalize-path"
"normalize-path@3.0.0","MIT","https://github.com/jonschlinkert/normalize-path"
"normalize-range@0.1.2","MIT","https://github.com/jamestalmage/normalize-range"
"normalize-url@1.9.1","MIT","https://github.com/sindresorhus/normalize-url"
"normalize-url@3.3.0","MIT","https://github.com/sindresorhus/normalize-url"
"npm-run-path@2.0.2","MIT","https://github.com/sindresorhus/npm-run-path"
"npm-run-path@3.1.0","MIT","https://github.com/sindresorhus/npm-run-path"
"nth-check@1.0.2","BSD-2-Clause","https://github.com/fb55/nth-check"
"num2fraction@1.2.2","MIT","https://github.com/yisibl/num2fraction"
"number-is-nan@1.0.1","MIT","https://github.com/sindresorhus/number-is-nan"
"oauth-sign@0.9.0","Apache-2.0","https://github.com/mikeal/oauth-sign"
"object-assign@2.1.1","MIT","https://github.com/sindresorhus/object-assign"
"object-assign@4.1.1","MIT","https://github.com/sindresorhus/object-assign"
"object-component@0.0.3","MIT*",""
"object-copy@0.1.0","MIT","https://github.com/jonschlinkert/object-copy"
"object-hash@2.0.3","MIT","https://github.com/puleos/object-hash"
"object-inspect@1.7.0","MIT","https://github.com/substack/object-inspect"
"object-is@1.1.2","MIT","https://github.com/es-shims/object-is"
"object-keys@1.1.1","MIT","https://github.com/ljharb/object-keys"
"object-path@0.9.2","MIT","https://github.com/mariocasciaro/object-path"
"object-visit@1.0.1","MIT","https://github.com/jonschlinkert/object-visit"
"object.assign@4.1.0","MIT","https://github.com/ljharb/object.assign"
"object.entries@1.1.2","MIT","https://github.com/es-shims/Object.entries"
"object.fromentries@2.0.2","MIT","https://github.com/es-shims/Object.fromEntries"
"object.getownpropertydescriptors@2.1.0","MIT","https://github.com/es-shims/object.getownpropertydescriptors"
"object.pick@1.3.0","MIT","https://github.com/jonschlinkert/object.pick"
"object.values@1.1.1","MIT","https://github.com/es-shims/Object.values"
"obuf@1.1.2","MIT","https://github.com/indutny/offset-buffer"
"on-finished@2.3.0","MIT","https://github.com/jshttp/on-finished"
"on-headers@1.0.2","MIT","https://github.com/jshttp/on-headers"
"once@1.4.0","ISC","https://github.com/isaacs/once"
"onetime@2.0.1","MIT","https://github.com/sindresorhus/onetime"
"onetime@5.1.0","MIT","https://github.com/sindresorhus/onetime"
"opener@1.5.1","(WTFPL OR MIT)","https://github.com/domenic/opener"
"openurl@1.1.1","MIT","https://github.com/rauschma/openurl"
"opn@5.3.0","MIT","https://github.com/sindresorhus/opn"
"opn@5.5.0","MIT","https://github.com/sindresorhus/opn"
"optimize-css-assets-webpack-plugin@5.0.3","MIT","https://github.com/NMFR/optimize-css-assets-webpack-plugin"
"optionator@0.8.3","MIT","https://github.com/gkz/optionator"
"original@1.0.2","MIT","https://github.com/unshiftio/original"
"os-browserify@0.3.0","MIT","https://github.com/CoderPuppy/os-browserify"
"os-locale@1.4.0","MIT","https://github.com/sindresorhus/os-locale"
"os-locale@3.1.0","MIT","https://github.com/sindresorhus/os-locale"
"os-tmpdir@1.0.2","MIT","https://github.com/sindresorhus/os-tmpdir"
"p-defer@1.0.0","MIT","https://github.com/sindresorhus/p-defer"
"p-finally@1.0.0","MIT","https://github.com/sindresorhus/p-finally"
"p-finally@2.0.1","MIT","https://github.com/sindresorhus/p-finally"
"p-is-promise@2.1.0","MIT","https://github.com/sindresorhus/p-is-promise"
"p-limit@1.3.0","MIT","https://github.com/sindresorhus/p-limit"
"p-limit@2.3.0","MIT","https://github.com/sindresorhus/p-limit"
"p-locate@2.0.0","MIT","https://github.com/sindresorhus/p-locate"
"p-locate@3.0.0","MIT","https://github.com/sindresorhus/p-locate"
"p-locate@4.1.0","MIT","https://github.com/sindresorhus/p-locate"
"p-map@2.1.0","MIT","https://github.com/sindresorhus/p-map"
"p-map@3.0.0","MIT","https://github.com/sindresorhus/p-map"
"p-retry@3.0.1","MIT","https://github.com/sindresorhus/p-retry"
"p-try@1.0.0","MIT","https://github.com/sindresorhus/p-try"
"p-try@2.2.0","MIT","https://github.com/sindresorhus/p-try"
"pako@1.0.11","(MIT AND Zlib)","https://github.com/nodeca/pako"
"parallel-transform@1.2.0","MIT","https://github.com/mafintosh/parallel-transform"
"param-case@2.1.1","MIT","https://github.com/blakeembrey/param-case"
"parent-module@1.0.1","MIT","https://github.com/sindresorhus/parent-module"
"parse-asn1@5.1.5","ISC","https://github.com/crypto-browserify/parse-asn1"
"parse-json@2.2.0","MIT","https://github.com/sindresorhus/parse-json"
"parse-json@4.0.0","MIT","https://github.com/sindresorhus/parse-json"
"parse-passwd@1.0.0","MIT","https://github.com/doowb/parse-passwd"
"parse5@3.0.3","MIT","https://github.com/inikulin/parse5"
"parseqs@0.0.5","MIT","https://github.com/get/querystring"
"parseuri@0.0.5","MIT","https://github.com/get/parseuri"
"parseurl@1.3.3","MIT","https://github.com/pillarjs/parseurl"
"pascalcase@0.1.1","MIT","https://github.com/jonschlinkert/pascalcase"
"path-browserify@0.0.1","MIT","https://github.com/substack/path-browserify"
"path-dirname@1.0.2","MIT","https://github.com/es128/path-dirname"
"path-exists@2.1.0","MIT","https://github.com/sindresorhus/path-exists"
"path-exists@3.0.0","MIT","https://github.com/sindresorhus/path-exists"
"path-exists@4.0.0","MIT","https://github.com/sindresorhus/path-exists"
"path-is-absolute@1.0.1","MIT","https://github.com/sindresorhus/path-is-absolute"
"path-is-inside@1.0.2","(WTFPL OR MIT)","https://github.com/domenic/path-is-inside"
"path-key@2.0.1","MIT","https://github.com/sindresorhus/path-key"
"path-key@3.1.1","MIT","https://github.com/sindresorhus/path-key"
"path-parse@1.0.6","MIT","https://github.com/jbgutierrez/path-parse"
"path-to-regexp@0.1.7","MIT","https://github.com/component/path-to-regexp"
"path-type@1.1.0","MIT","https://github.com/sindresorhus/path-type"
"path-type@3.0.0","MIT","https://github.com/sindresorhus/path-type"
"path-type@4.0.0","MIT","https://github.com/sindresorhus/path-type"
"pbkdf2@3.0.17","MIT","https://github.com/crypto-browserify/pbkdf2"
"performance-now@2.1.0","MIT","https://github.com/braveg1rl/performance-now"
"picomatch@2.2.2","MIT","https://github.com/micromatch/picomatch"
"pify@2.3.0","MIT","https://github.com/sindresorhus/pify"
"pify@3.0.0","MIT","https://github.com/sindresorhus/pify"
"pify@4.0.1","MIT","https://github.com/sindresorhus/pify"
"pinkie-promise@2.0.1","MIT","https://github.com/floatdrop/pinkie-promise"
"pinkie@2.0.4","MIT","https://github.com/floatdrop/pinkie"
"pkg-dir@1.0.0","MIT","https://github.com/sindresorhus/pkg-dir"
"pkg-dir@3.0.0","MIT","https://github.com/sindresorhus/pkg-dir"
"pkg-dir@4.2.0","MIT","https://github.com/sindresorhus/pkg-dir"
"pkg-up@2.0.0","MIT","https://github.com/sindresorhus/pkg-up"
"please-upgrade-node@3.2.0","MIT","https://github.com/typicode/please-upgrade-node"
"portfinder@1.0.26","MIT","https://github.com/http-party/node-portfinder"
"portscanner@2.1.1","MIT","https://github.com/baalexander/node-portscanner"
"posix-character-classes@0.1.1","MIT","https://github.com/jonschlinkert/posix-character-classes"
"postcss-calc@7.0.2","MIT","https://github.com/postcss/postcss-calc"
"postcss-colormin@4.0.3","MIT","https://github.com/cssnano/cssnano"
"postcss-convert-values@4.0.1","MIT","https://github.com/cssnano/cssnano"
"postcss-discard-comments@4.0.2","MIT","https://github.com/cssnano/cssnano"
"postcss-discard-duplicates@4.0.2","MIT","https://github.com/cssnano/cssnano"
"postcss-discard-empty@4.0.1","MIT","https://github.com/cssnano/cssnano"
"postcss-discard-overridden@4.0.1","MIT","https://github.com/cssnano/cssnano"
"postcss-load-config@2.1.0","MIT","https://github.com/michael-ciniawsky/postcss-load-config"
"postcss-loader@3.0.0","MIT","https://github.com/postcss/postcss-loader"
"postcss-merge-longhand@4.0.11","MIT","https://github.com/cssnano/cssnano"
"postcss-merge-rules@4.0.3","MIT","https://github.com/cssnano/cssnano"
"postcss-minify-font-values@4.0.2","MIT","https://github.com/cssnano/cssnano"
"postcss-minify-gradients@4.0.2","MIT","https://github.com/cssnano/cssnano"
"postcss-minify-params@4.0.2","MIT","https://github.com/cssnano/cssnano"
"postcss-minify-selectors@4.0.2","MIT","https://github.com/cssnano/cssnano"
"postcss-modules-extract-imports@2.0.0","ISC","https://github.com/css-modules/postcss-modules-extract-imports"
"postcss-modules-local-by-default@3.0.2","MIT","https://github.com/css-modules/postcss-modules-local-by-default"
"postcss-modules-scope@2.2.0","ISC","https://github.com/css-modules/postcss-modules-scope"
"postcss-modules-values@3.0.0","ISC","https://github.com/css-modules/postcss-modules-values"
"postcss-normalize-charset@4.0.1","MIT","https://github.com/cssnano/cssnano"
"postcss-normalize-display-values@4.0.2","MIT","https://github.com/cssnano/cssnano"
"postcss-normalize-positions@4.0.2","MIT","https://github.com/cssnano/cssnano"
"postcss-normalize-repeat-style@4.0.2","MIT","https://github.com/cssnano/cssnano"
"postcss-normalize-string@4.0.2","MIT","https://github.com/cssnano/cssnano"
"postcss-normalize-timing-functions@4.0.2","MIT","https://github.com/cssnano/cssnano"
"postcss-normalize-unicode@4.0.1","MIT","https://github.com/cssnano/cssnano"
"postcss-normalize-url@4.0.1","MIT","https://github.com/cssnano/cssnano"
"postcss-normalize-whitespace@4.0.2","MIT","https://github.com/cssnano/cssnano"
"postcss-ordered-values@4.1.2","MIT","https://github.com/cssnano/cssnano"
"postcss-reduce-initial@4.0.3","MIT","https://github.com/cssnano/cssnano"
"postcss-reduce-transforms@4.0.2","MIT","https://github.com/cssnano/cssnano"
"postcss-selector-parser@3.1.2","MIT","https://github.com/postcss/postcss-selector-parser"
"postcss-selector-parser@6.0.2","MIT","https://github.com/postcss/postcss-selector-parser"
"postcss-svgo@4.0.2","MIT","https://github.com/cssnano/cssnano"
"postcss-unique-selectors@4.0.1","MIT","https://github.com/cssnano/cssnano"
"postcss-value-parser@3.3.1","MIT","https://github.com/TrySound/postcss-value-parser"
"postcss-value-parser@4.1.0","MIT","https://github.com/TrySound/postcss-value-parser"
"postcss@7.0.30","MIT","https://github.com/postcss/postcss"
"postcss@7.0.32","MIT","https://github.com/postcss/postcss"
"prelude-ls@1.1.2","MIT","https://github.com/gkz/prelude-ls"
"prepend-http@1.0.4","MIT","https://github.com/sindresorhus/prepend-http"
"pretty-bytes@5.3.0","MIT","https://github.com/sindresorhus/pretty-bytes"
"pretty-error@2.1.1","MIT","https://github.com/AriaMinaei/pretty-error"
"pretty-format@24.9.0","MIT","https://github.com/facebook/jest"
"private@0.1.8","MIT","https://github.com/benjamn/private"
"process-nextick-args@2.0.1","MIT","https://github.com/calvinmetcalf/process-nextick-args"
"process@0.11.10","MIT","https://github.com/shtylman/node-process"
"progress@2.0.3","MIT","https://github.com/visionmedia/node-progress"
"promise-inflight@1.0.1","ISC","https://github.com/iarna/promise-inflight"
"promise@7.3.1","MIT","https://github.com/then/promise"
"prop-types-exact@1.2.0","MIT","https://github.com/airbnb/prop-types-exact"
"prop-types@15.7.2","MIT","https://github.com/facebook/prop-types"
"proxy-addr@2.0.6","MIT","https://github.com/jshttp/proxy-addr"
"prr@1.0.1","MIT","https://github.com/rvagg/prr"
"psl@1.8.0","MIT","https://github.com/lupomontero/psl"
"public-encrypt@4.0.3","MIT","https://github.com/crypto-browserify/publicEncrypt"
"pump@2.0.1","MIT","https://github.com/mafintosh/pump"
"pump@3.0.0","MIT","https://github.com/mafintosh/pump"
"pumpify@1.5.1","MIT","https://github.com/mafintosh/pumpify"
"punycode@1.3.2","MIT","https://github.com/bestiejs/punycode.js"
"punycode@1.4.1","MIT","https://github.com/bestiejs/punycode.js"
"punycode@2.1.1","MIT","https://github.com/bestiejs/punycode.js"
"q@1.5.1","MIT","https://github.com/kriskowal/q"
"qs@6.2.3","BSD-3-Clause","https://github.com/ljharb/qs"
"qs@6.5.2","BSD-3-Clause","https://github.com/ljharb/qs"
"qs@6.7.0","BSD-3-Clause","https://github.com/ljharb/qs"
"query-string@4.3.4","MIT","https://github.com/sindresorhus/query-string"
"querystring-es3@0.2.1","MIT","https://github.com/mike-spainhower/querystring"
"querystring@0.2.0","MIT","https://github.com/Gozala/querystring"
"querystringify@2.1.1","MIT","https://github.com/unshiftio/querystringify"
"raf@3.4.1","MIT","https://github.com/chrisdickinson/raf"
"railroad-diagrams@1.0.0","CC0-1.0","https://github.com/tabatkins/railroad-diagrams"
"randexp@0.4.6","MIT","https://github.com/fent/randexp.js"
"randombytes@2.1.0","MIT","https://github.com/crypto-browserify/randombytes"
"randomfill@1.0.4","MIT","https://github.com/crypto-browserify/randomfill"
"range-parser@1.2.1","MIT","https://github.com/jshttp/range-parser"
"raw-body@2.4.0","MIT","https://github.com/stream-utils/raw-body"
"raw-body@2.4.1","MIT","https://github.com/stream-utils/raw-body"
"react-chat-widget@3.0.5","MIT","https://github.com/Wolox/react-chat-widget"
"react-dom@0.14.9","BSD-3-Clause","https://github.com/facebook/react"
"react-dom@16.13.1","MIT","https://github.com/facebook/react"
"react-is@16.13.1","MIT","https://github.com/facebook/react"
"react-redux@7.2.2","MIT","https://github.com/reduxjs/react-redux"
"react-test-renderer@16.13.1","MIT","https://github.com/facebook/react"
"react@0.14.9","BSD-3-Clause","https://github.com/facebook/react"
"react@16.13.1","MIT","https://github.com/facebook/react"
"read-pkg-up@1.0.1","MIT","https://github.com/sindresorhus/read-pkg-up"
"read-pkg@1.1.0","MIT","https://github.com/sindresorhus/read-pkg"
"readable-stream@2.3.7","MIT","https://github.com/nodejs/readable-stream"
"readable-stream@3.6.0","MIT","https://github.com/nodejs/readable-stream"
"readdirp@2.2.1","MIT","https://github.com/paulmillr/readdirp"
"readdirp@3.4.0","MIT","https://github.com/paulmillr/readdirp"
"recast@0.11.23","MIT","https://github.com/benjamn/recast"
"redux-mock-store@1.5.4","MIT","https://github.com/arnaudbenard/redux-mock-store"
"redux@4.0.5","MIT","https://github.com/reduxjs/redux"
"reflect.ownkeys@0.2.0","MIT","https://github.com/glenjamin/Reflect.ownKeys"
"regenerator-runtime@0.11.1","MIT","https://github.com/facebook/regenerator/tree/master/packages/regenerator-runtime"
"regenerator-runtime@0.13.5","MIT","https://github.com/facebook/regenerator/tree/master/packages/regenerator-runtime"
"regenerator-runtime@0.13.7","MIT","https://github.com/facebook/regenerator/tree/master/packages/regenerator-runtime"
"regex-not@1.0.2","MIT","https://github.com/jonschlinkert/regex-not"
"regexp.prototype.flags@1.3.0","MIT","https://github.com/es-shims/RegExp.prototype.flags"
"regexpp@2.0.1","MIT","https://github.com/mysticatea/regexpp"
"regexpp@3.1.0","MIT","https://github.com/mysticatea/regexpp"
"relateurl@0.2.7","MIT","https://github.com/stevenvachon/relateurl"
"remove-trailing-separator@1.1.0","ISC","https://github.com/darsain/remove-trailing-separator"
"renderkid@2.0.3","MIT","https://github.com/AriaMinaei/RenderKid"
"repeat-element@1.1.3","MIT","https://github.com/jonschlinkert/repeat-element"
"repeat-string@1.6.1","MIT","https://github.com/jonschlinkert/repeat-string"
"request@2.88.2","Apache-2.0","https://github.com/request/request"
"require-directory@2.1.1","MIT","https://github.com/troygoode/node-require-directory"
"require-main-filename@1.0.1","ISC","https://github.com/yargs/require-main-filename"
"require-main-filename@2.0.0","ISC","https://github.com/yargs/require-main-filename"
"requires-port@1.0.0","MIT","https://github.com/unshiftio/requires-port"
"resolve-cwd@2.0.0","MIT","https://github.com/sindresorhus/resolve-cwd"
"resolve-dir@1.0.1","MIT","https://github.com/jonschlinkert/resolve-dir"
"resolve-from@3.0.0","MIT","https://github.com/sindresorhus/resolve-from"
"resolve-from@4.0.0","MIT","https://github.com/sindresorhus/resolve-from"
"resolve-url@0.2.1","MIT","https://github.com/lydell/resolve-url"
"resolve@1.1.7","MIT","https://github.com/substack/node-resolve"
"resolve@1.17.0","MIT","https://github.com/browserify/resolve"
"resp-modifier@6.0.2","MIT","https://github.com/shakyshane/resp-modifier"
"restore-cursor@2.0.0","MIT","https://github.com/sindresorhus/restore-cursor"
"restore-cursor@3.1.0","MIT","https://github.com/sindresorhus/restore-cursor"
"ret@0.1.15","MIT","https://github.com/fent/ret.js"
"retry@0.12.0","MIT","https://github.com/tim-kos/node-retry"
"reusify@1.0.4","MIT","https://github.com/mcollina/reusify"
"rgb-regex@1.0.1","MIT","https://github.com/regexps/rgb-regex"
"rgba-regex@1.0.0","MIT","https://github.com/johnotander/rgba-regex"
"rimraf@2.6.3","ISC","https://github.com/isaacs/rimraf"
"rimraf@2.7.1","ISC","https://github.com/isaacs/rimraf"
"rimraf@3.0.0","ISC","https://github.com/isaacs/rimraf"
"ripemd160@2.0.2","MIT","https://github.com/crypto-browserify/ripemd160"
"rst-selector-parser@2.2.3","BSD-3-Clause","https://github.com/aweary/rst-selector-parser"
"run-async@2.4.1","MIT","https://github.com/SBoudrias/run-async"
"run-parallel@1.1.9","MIT","https://github.com/feross/run-parallel"
"run-queue@1.0.3","ISC","https://github.com/iarna/run-queue"
"rx@4.1.0","Apache-2.0","https://github.com/Reactive-Extensions/RxJS"
"rxjs@5.5.12","Apache-2.0","https://github.com/ReactiveX/RxJS"
"rxjs@6.5.5","Apache-2.0","https://github.com/reactivex/rxjs"
"safe-buffer@5.1.2","MIT","https://github.com/feross/safe-buffer"
"safe-buffer@5.2.1","MIT","https://github.com/feross/safe-buffer"
"safe-regex@1.1.0","MIT","https://github.com/substack/safe-regex"
"safer-buffer@2.1.2","MIT","https://github.com/ChALkeR/safer-buffer"
"sass-loader@8.0.0","MIT","https://github.com/webpack-contrib/sass-loader"
"sass@1.23.7","MIT","https://github.com/sass/dart-sass"
"sax@1.2.1","ISC","https://github.com/isaacs/sax-js"
"sax@1.2.4","ISC","https://github.com/isaacs/sax-js"
"scheduler@0.19.1","MIT","https://github.com/facebook/react"
"schema-utils@1.0.0","MIT","https://github.com/webpack-contrib/schema-utils"
"schema-utils@2.6.6","MIT","https://github.com/webpack/schema-utils"
"schema-utils@2.7.0","MIT","https://github.com/webpack/schema-utils"
"schema-utils@3.0.0","MIT","https://github.com/webpack/schema-utils"
"select-hose@2.0.0","MIT","https://github.com/indutny/select-hose"
"selfsigned@1.10.7","MIT","https://github.com/jfromaniello/selfsigned"
"semver-compare@1.0.0","MIT","https://github.com/substack/semver-compare"
"semver@5.7.1","ISC","https://github.com/npm/node-semver"
"semver@6.3.0","ISC","https://github.com/npm/node-semver"
"send@0.16.2","MIT","https://github.com/pillarjs/send"
"send@0.17.1","MIT","https://github.com/pillarjs/send"
"serialize-javascript@2.1.2","BSD-3-Clause","https://github.com/yahoo/serialize-javascript"
"serve-index@1.9.1","MIT","https://github.com/expressjs/serve-index"
"serve-static@1.13.2","MIT","https://github.com/expressjs/serve-static"
"serve-static@1.14.1","MIT","https://github.com/expressjs/serve-static"
"server-destroy@1.0.1","ISC","https://github.com/isaacs/server-destroy"
"set-blocking@2.0.0","ISC","https://github.com/yargs/set-blocking"
"set-value@2.0.1","MIT","https://github.com/jonschlinkert/set-value"
"setimmediate@1.0.5","MIT","https://github.com/YuzuJS/setImmediate"
"setprototypeof@1.1.0","ISC","https://github.com/wesleytodd/setprototypeof"
"setprototypeof@1.1.1","ISC","https://github.com/wesleytodd/setprototypeof"
"sha.js@2.4.11","(MIT AND BSD-3-Clause)","https://github.com/crypto-browserify/sha.js"
"shallow-clone@3.0.1","MIT","https://github.com/jonschlinkert/shallow-clone"
"shebang-command@1.2.0","MIT","https://github.com/kevva/shebang-command"
"shebang-command@2.0.0","MIT","https://github.com/kevva/shebang-command"
"shebang-regex@1.0.0","MIT","https://github.com/sindresorhus/shebang-regex"
"shebang-regex@3.0.0","MIT","https://github.com/sindresorhus/shebang-regex"
"shellwords@0.1.1","MIT","https://github.com/jimmycuadra/shellwords"
"signal-exit@3.0.3","ISC","https://github.com/tapjs/signal-exit"
"simple-progress-webpack-plugin@1.1.2","MIT","https://github.com/dominique-mueller/simple-progress-webpack-plugin"
"simple-swizzle@0.2.2","MIT","https://github.com/qix-/node-simple-swizzle"
"slash@1.0.0","MIT","https://github.com/sindresorhus/slash"
"slash@3.0.0","MIT","https://github.com/sindresorhus/slash"
"slice-ansi@0.0.4","MIT","https://github.com/chalk/slice-ansi"
"slice-ansi@2.1.0","MIT","https://github.com/chalk/slice-ansi"
"snapdragon-node@2.1.1","MIT","https://github.com/jonschlinkert/snapdragon-node"
"snapdragon-util@3.0.1","MIT","https://github.com/jonschlinkert/snapdragon-util"
"snapdragon@0.8.2","MIT","https://github.com/jonschlinkert/snapdragon"
"socket.io-adapter@1.1.2","MIT","https://github.com/socketio/socket.io-adapter"
"socket.io-client@2.1.1","MIT","https://github.com/Automattic/socket.io-client"
"socket.io-client@2.3.0","MIT","https://github.com/Automattic/socket.io-client"
"socket.io-parser@3.2.0","MIT","https://github.com/Automattic/socket.io-parser"
"socket.io-parser@3.3.0","MIT","https://github.com/Automattic/socket.io-parser"
"socket.io@2.1.1","MIT","https://github.com/socketio/socket.io"
"sockjs-client@1.4.0","MIT","https://github.com/sockjs/sockjs-client"
"sockjs@0.3.19","MIT","https://github.com/sockjs/sockjs-node"
"sort-keys@1.1.2","MIT","https://github.com/sindresorhus/sort-keys"
"source-list-map@2.0.1","MIT","https://github.com/webpack/source-list-map"
"source-map-loader@0.2.4","MIT","https://github.com/webpack-contrib/source-map-loader"
"source-map-resolve@0.5.3","MIT","https://github.com/lydell/source-map-resolve"
"source-map-support@0.5.19","MIT","https://github.com/evanw/node-source-map-support"
"source-map-url@0.4.0","MIT","https://github.com/lydell/source-map-url"
"source-map@0.2.0","BSD","https://github.com/mozilla/source-map"
"source-map@0.4.4","BSD-3-Clause","https://github.com/mozilla/source-map"
"source-map@0.5.6","BSD-3-Clause","https://github.com/mozilla/source-map"
"source-map@0.5.7","BSD-3-Clause","https://github.com/mozilla/source-map"
"source-map@0.6.1","BSD-3-Clause","https://github.com/mozilla/source-map"
"sourcemap-istanbul-instrumenter-loader@0.2.0","WTFPL","https://github.com/zakhenry/istanbul-instrumenter-loader"
"spdx-correct@3.1.0","Apache-2.0","https://github.com/jslicense/spdx-correct.js"
"spdx-exceptions@2.3.0","CC-BY-3.0","https://github.com/kemitchell/spdx-exceptions.json"
"spdx-expression-parse@3.0.1","MIT","https://github.com/jslicense/spdx-expression-parse.js"
"spdx-license-ids@3.0.5","CC0-1.0","https://github.com/shinnn/spdx-license-ids"
"spdy-transport@3.0.0","MIT","https://github.com/spdy-http2/spdy-transport"
"spdy@4.0.2","MIT","https://github.com/indutny/node-spdy"
"split-string@3.1.0","MIT","https://github.com/jonschlinkert/split-string"
"sprintf-js@1.0.3","BSD-3-Clause","https://github.com/alexei/sprintf.js"
"sshpk@1.16.1","MIT","https://github.com/joyent/node-sshpk"
"ssri@6.0.1","ISC","https://github.com/zkat/ssri"
"ssri@7.1.0","ISC","https://github.com/npm/ssri"
"stable@0.1.8","MIT","https://github.com/Two-Screen/stable"
"stack-generator@1.1.0","Unlicense","https://github.com/stacktracejs/stack-generator"
"stackframe@0.3.1","Public Domain","https://github.com/stacktracejs/stackframe"
"stackframe@1.1.1","MIT","https://github.com/stacktracejs/stackframe"
"stacktrace-gps@2.4.4","Unlicense","https://github.com/stacktracejs/stacktrace-gps"
"stacktrace-js@1.3.1","Unlicense","https://github.com/stacktracejs/stacktrace.js"
"static-extend@0.1.2","MIT","https://github.com/jonschlinkert/static-extend"
"statuses@1.3.1","MIT","https://github.com/jshttp/statuses"
"statuses@1.4.0","MIT","https://github.com/jshttp/statuses"
"statuses@1.5.0","MIT","https://github.com/jshttp/statuses"
"stream-browserify@2.0.2","MIT","https://github.com/browserify/stream-browserify"
"stream-each@1.2.3","MIT","https://github.com/mafintosh/stream-each"
"stream-http@2.8.3","MIT","https://github.com/jhiesey/stream-http"
"stream-shift@1.0.1","MIT","https://github.com/mafintosh/stream-shift"
"stream-throttle@0.1.3","BSD-3-Clause","https://github.com/tjgq/node-stream-throttle"
"strict-uri-encode@1.1.0","MIT","https://github.com/kevva/strict-uri-encode"
"string-argv@0.3.1","MIT","https://github.com/mccormicka/string-argv"
"string-width@1.0.2","MIT","https://github.com/sindresorhus/string-width"
"string-width@2.1.1","MIT","https://github.com/sindresorhus/string-width"
"string-width@3.1.0","MIT","https://github.com/sindresorhus/string-width"
"string-width@4.2.0","MIT","https://github.com/sindresorhus/string-width"
"string.prototype.trim@1.2.1","MIT","https://github.com/es-shims/String.prototype.trim"
"string.prototype.trimend@1.0.1","MIT","https://github.com/es-shims/String.prototype.trimEnd"
"string.prototype.trimleft@2.1.2","MIT","https://github.com/es-shims/String.prototype.trimLeft"
"string.prototype.trimright@2.1.2","MIT","https://github.com/es-shims/String.prototype.trimRight"
"string.prototype.trimstart@1.0.1","MIT","https://github.com/es-shims/String.prototype.trimStart"
"string_decoder@1.1.1","MIT","https://github.com/nodejs/string_decoder"
"string_decoder@1.3.0","MIT","https://github.com/nodejs/string_decoder"
"stringify-object@3.3.0","BSD-2-Clause","https://github.com/yeoman/stringify-object"
"strip-ansi@3.0.1","MIT","https://github.com/chalk/strip-ansi"
"strip-ansi@4.0.0","MIT","https://github.com/chalk/strip-ansi"
"strip-ansi@5.2.0","MIT","https://github.com/chalk/strip-ansi"
"strip-ansi@6.0.0","MIT","https://github.com/chalk/strip-ansi"
"strip-bom@2.0.0","MIT","https://github.com/sindresorhus/strip-bom"
"strip-comments@0.3.4","MIT","https://github.com/jonschlinkert/strip-comments"
"strip-comments@1.0.2","MIT","https://github.com/jonschlinkert/strip-comments"
"strip-eof@1.0.0","MIT","https://github.com/sindresorhus/strip-eof"
"strip-final-newline@2.0.0","MIT","https://github.com/sindresorhus/strip-final-newline"
"strip-json-comments@3.1.0","MIT","https://github.com/sindresorhus/strip-json-comments"
"stripcomment-loader@0.1.0","MIT","https://github.com/IngwiePhoenix/commentstrip-loader"
"style-loader@1.0.1","MIT","https://github.com/webpack-contrib/style-loader"
"stylehacks@4.0.3","MIT","https://github.com/cssnano/cssnano"
"supports-color@2.0.0","MIT","https://github.com/chalk/supports-color"
"supports-color@3.2.3","MIT","https://github.com/chalk/supports-color"
"supports-color@5.5.0","MIT","https://github.com/chalk/supports-color"
"supports-color@6.1.0","MIT","https://github.com/chalk/supports-color"
"supports-color@7.1.0","MIT","https://github.com/chalk/supports-color"
"svgo@1.3.2","MIT","https://github.com/svg/svgo"
"symbol-observable@1.0.1","MIT","https://github.com/blesh/symbol-observable"
"symbol-observable@1.2.0","MIT","https://github.com/blesh/symbol-observable"
"table@5.4.6","BSD-3-Clause","https://github.com/gajus/table"
"tapable@1.1.3","MIT","https://github.com/webpack/tapable"
"terser-webpack-plugin@1.4.3","MIT","https://github.com/webpack-contrib/terser-webpack-plugin"
"terser-webpack-plugin@2.2.3","MIT","https://github.com/webpack-contrib/terser-webpack-plugin"
"terser@4.7.0","BSD-2-Clause","https://github.com/terser/terser"
"text-table@0.2.0","MIT","https://github.com/substack/text-table"
"tfunk@3.1.0","MIT","https://github.com/shakyShane/tfunk"
"thread-loader@2.1.3","MIT","https://github.com/webpack-contrib/thread-loader"
"through2@2.0.5","MIT","https://github.com/rvagg/through2"
"through@2.3.8","MIT","https://github.com/dominictarr/through"
"thunky@1.1.0","MIT","https://github.com/mafintosh/thunky"
"timers-browserify@2.0.11","MIT","https://github.com/jryans/timers-browserify"
"timsort@0.3.0","MIT","https://github.com/mziccard/node-timsort"
"tmp@0.0.33","MIT","https://github.com/raszi/node-tmp"
"to-array@0.1.4","MIT","https://github.com/Raynos/to-array"
"to-arraybuffer@1.0.1","MIT","https://github.com/jhiesey/to-arraybuffer"
"to-object-path@0.3.0","MIT","https://github.com/jonschlinkert/to-object-path"
"to-regex-range@2.1.1","MIT","https://github.com/micromatch/to-regex-range"
"to-regex-range@5.0.1","MIT","https://github.com/micromatch/to-regex-range"
"to-regex@3.0.2","MIT","https://github.com/jonschlinkert/to-regex"
"to-string-loader@1.1.6","BSD-3-Clause","https://github.com/gajus/to-string-loader"
"toidentifier@1.0.0","MIT","https://github.com/component/toidentifier"
"toposort@1.0.7","MIT","https://github.com/marcelklehr/toposort"
"tough-cookie@2.5.0","BSD-3-Clause","https://github.com/salesforce/tough-cookie"
"tryer@1.0.1","MIT","git+https://gitlab.com/philbooth/tryer"
"ts-jest@24.2.0","MIT","https://github.com/kulshekhar/ts-jest"
"ts-loader@6.2.1","MIT","https://github.com/TypeStrong/ts-loader"
"ts-node@8.5.4","MIT","https://github.com/TypeStrong/ts-node"
"tslib@1.10.0","Apache-2.0","https://github.com/Microsoft/tslib"
"tsutils@3.17.1","MIT","https://github.com/ajafff/tsutils"
"tty-browserify@0.0.0","MIT","https://github.com/substack/tty-browserify"
"tunnel-agent@0.6.0","Apache-2.0","https://github.com/mikeal/tunnel-agent"
"tweetnacl@0.14.5","Unlicense","https://github.com/dchest/tweetnacl-js"
"type-check@0.3.2","MIT","https://github.com/gkz/type-check"
"type-fest@0.11.0","(MIT OR CC0-1.0)","https://github.com/sindresorhus/type-fest"
"type-fest@0.8.1","(MIT OR CC0-1.0)","https://github.com/sindresorhus/type-fest"
"type-is@1.6.18","MIT","https://github.com/jshttp/type-is"
"typedarray@0.0.6","MIT","https://github.com/substack/typedarray"
"typescript-logging@0.6.3","Apache-2.0","https://github.com/mreuvers/typescript-logging"
"typescript@3.7.3","Apache-2.0","https://github.com/Microsoft/TypeScript"
"ua-parser-js@0.7.17","(GPL-2.0 OR MIT)","https://github.com/faisalman/ua-parser-js"
"uc.micro@1.0.6","MIT","https://github.com/markdown-it/uc.micro"
"uglify-js@3.4.10","BSD-2-Clause","https://github.com/mishoo/UglifyJS2"
"ultron@1.1.1","MIT","https://github.com/unshiftio/ultron"
"union-value@1.0.1","MIT","https://github.com/jonschlinkert/union-value"
"uniq@1.0.1","MIT","https://github.com/mikolalysenko/uniq"
"uniqs@2.0.0","MIT","https://github.com/fgnass/uniqs"
"unique-filename@1.1.1","ISC","https://github.com/iarna/unique-filename"
"unique-slug@2.0.2","ISC","https://github.com/iarna/unique-slug"
"universalify@0.1.2","MIT","https://github.com/RyanZim/universalify"
"unpipe@1.0.0","MIT","https://github.com/stream-utils/unpipe"
"unquote@1.1.1","MIT","https://github.com/lakenen/node-unquote"
"unset-value@1.0.0","MIT","https://github.com/jonschlinkert/unset-value"
"upath@1.2.0","MIT","https://github.com/anodynos/upath"
"upper-case@1.1.3","MIT","https://github.com/blakeembrey/upper-case"
"uri-js@4.2.2","BSD-2-Clause","https://github.com/garycourt/uri-js"
"urix@0.1.0","MIT","https://github.com/lydell/urix"
"url-loader@4.1.1","MIT","https://github.com/webpack-contrib/url-loader"
"url-parse@1.4.7","MIT","https://github.com/unshiftio/url-parse"
"url@0.11.0","MIT","https://github.com/defunctzombie/node-url"
"use@3.1.1","MIT","https://github.com/jonschlinkert/use"
"util-deprecate@1.0.2","MIT","https://github.com/TooTallNate/util-deprecate"
"util.promisify@1.0.0","MIT","https://github.com/ljharb/util.promisify"
"util@0.10.3","MIT","https://github.com/defunctzombie/node-util"
"util@0.11.1","MIT","https://github.com/defunctzombie/node-util"
"utila@0.4.0","MIT","https://github.com/AriaMinaei/utila"
"utils-merge@1.0.1","MIT","https://github.com/jaredhanson/utils-merge"
"uuid@3.4.0","MIT","https://github.com/uuidjs/uuid"
"uuid@8.3.1","MIT","https://github.com/uuidjs/uuid"
"v8-compile-cache@2.0.3","MIT","https://github.com/zertosh/v8-compile-cache"
"v8-compile-cache@2.1.0","MIT","https://github.com/zertosh/v8-compile-cache"
"validate-npm-package-license@3.0.4","Apache-2.0","https://github.com/kemitchell/validate-npm-package-license.js"
"vary@1.1.2","MIT","https://github.com/jshttp/vary"
"vendors@1.0.4","MIT","https://github.com/wooorm/vendors"
"verror@1.10.0","MIT","https://github.com/davepacheco/node-verror"
"vm-browserify@1.1.2","MIT","https://github.com/substack/vm-browserify"
"watchpack@1.7.2","MIT","https://github.com/webpack/watchpack"
"wbuf@1.7.3","MIT","https://github.com/indutny/wbuf"
"webdriver-manager@12.1.7","MIT","https://github.com/angular/webdriver-manager"
"webpack-bundle-analyzer@3.8.0","MIT","https://github.com/webpack-contrib/webpack-bundle-analyzer"
"webpack-cli@3.3.10","MIT","https://github.com/webpack/webpack-cli"
"webpack-dev-middleware@3.7.2","MIT","https://github.com/webpack/webpack-dev-middleware"
"webpack-dev-server@3.9.0","MIT","https://github.com/webpack/webpack-dev-server"
"webpack-log@2.0.0","MIT","https://github.com/webpack-contrib/webpack-log"
"webpack-merge@4.2.2","MIT","https://github.com/survivejs/webpack-merge"
"webpack-notifier@1.8.0","ISC","https://github.com/Turbo87/webpack-notifier"
"webpack-sources@1.4.3","MIT","https://github.com/webpack/webpack-sources"
"webpack-visualizer-plugin@0.1.11","MIT","https://github.com/chrisbateman/webpack-visualizer"
"webpack@4.41.2","MIT","https://github.com/webpack/webpack"
"websocket-driver@0.7.3","Apache-2.0","https://github.com/faye/websocket-driver-node"
"websocket-extensions@0.1.3","MIT","https://github.com/faye/websocket-extensions-node"
"whatwg-fetch@0.9.0","MIT","https://github.com/github/fetch"
"which-module@1.0.0","ISC","https://github.com/nexdrew/which-module"
"which-module@2.0.0","ISC","https://github.com/nexdrew/which-module"
"which@1.3.1","ISC","https://github.com/isaacs/node-which"
"which@2.0.2","ISC","https://github.com/isaacs/node-which"
"window-size@0.2.0","MIT","https://github.com/jonschlinkert/window-size"
"word-wrap@1.2.3","MIT","https://github.com/jonschlinkert/word-wrap"
"wordwrap@1.0.0","MIT","https://github.com/substack/node-wordwrap"
"workbox-background-sync@4.3.1","MIT","https://github.com/googlechrome/workbox"
"workbox-broadcast-update@4.3.1","MIT","https://github.com/googlechrome/workbox"
"workbox-build@4.3.1","MIT","https://github.com/googlechrome/workbox"
"workbox-cacheable-response@4.3.1","MIT","https://github.com/googlechrome/workbox"
"workbox-core@4.3.1","MIT","https://github.com/googlechrome/workbox"
"workbox-expiration@4.3.1","MIT","https://github.com/googlechrome/workbox"
"workbox-google-analytics@4.3.1","MIT","https://github.com/googlechrome/workbox"
"workbox-navigation-preload@4.3.1","MIT","https://github.com/googlechrome/workbox"
"workbox-precaching@4.3.1","MIT","https://github.com/googlechrome/workbox"
"workbox-range-requests@4.3.1","MIT","https://github.com/googlechrome/workbox"
"workbox-routing@4.3.1","MIT","https://github.com/googlechrome/workbox"
"workbox-strategies@4.3.1","MIT","https://github.com/googlechrome/workbox"
"workbox-streams@4.3.1","MIT","https://github.com/googlechrome/workbox"
"workbox-sw@4.3.1","MIT","https://github.com/googlechrome/workbox"
"workbox-webpack-plugin@4.3.1","MIT","https://github.com/googlechrome/workbox"
"workbox-window@4.3.1","MIT","https://github.com/googlechrome/workbox"
"worker-farm@1.7.0","MIT","https://github.com/rvagg/node-worker-farm"
"worker-rpc@0.1.1","MIT","https://github.com/DirtyHairy/worker-rpc"
"wrap-ansi@2.1.0","MIT","https://github.com/chalk/wrap-ansi"
"wrap-ansi@3.0.1","MIT","https://github.com/chalk/wrap-ansi"
"wrap-ansi@5.1.0","MIT","https://github.com/chalk/wrap-ansi"
"wrappy@1.0.2","ISC","https://github.com/npm/wrappy"
"write-file-atomic@2.4.3","ISC","https://github.com/iarna/write-file-atomic"
"write-file-webpack-plugin@4.5.1","BSD-3-Clause","https://github.com/gajus/write-file-webpack-plugin"
"write@1.0.3","MIT","https://github.com/jonschlinkert/write"
"ws@3.3.3","MIT","https://github.com/websockets/ws"
"ws@6.1.4","MIT","https://github.com/websockets/ws"
"ws@6.2.1","MIT","https://github.com/websockets/ws"
"xml2js@0.4.19","MIT","https://github.com/Leonidas-from-XIV/node-xml2js"
"xmlbuilder@9.0.7","MIT","https://github.com/oozcitak/xmlbuilder-js"
"xmlhttprequest-ssl@1.5.5","MIT","https://github.com/mjwwit/node-XMLHttpRequest"
"xtend@4.0.2","MIT","https://github.com/Raynos/xtend"
"y18n@3.2.1","ISC","https://github.com/yargs/y18n"
"y18n@4.0.0","ISC","https://github.com/yargs/y18n"
"yallist@3.1.1","ISC","https://github.com/isaacs/yallist"
"yallist@4.0.0","ISC","https://github.com/isaacs/yallist"
"yargs-parser@10.1.0","ISC","https://github.com/yargs/yargs-parser"
"yargs-parser@11.1.1","ISC","https://github.com/yargs/yargs-parser"
"yargs-parser@13.1.2","ISC","https://github.com/yargs/yargs-parser"
"yargs-parser@4.2.1","ISC","https://github.com/yargs/yargs-parser"
"yargs@12.0.5","MIT","https://github.com/yargs/yargs"
"yargs@13.2.4","MIT","https://github.com/yargs/yargs"
"yargs@6.4.0","MIT","https://github.com/yargs/yargs"
"yargs@6.6.0","MIT","https://github.com/yargs/yargs"
"yeast@0.1.2","MIT","https://github.com/unshiftio/yeast"
"yn@3.1.1","MIT","https://github.com/sindresorhus/yn"
"yui-lint@0.2.0","BSD","https://github.com/yui/yui-lint"